video,frame,correct lens,correct inner,lens,inner,lens,inner,completed
iP005_OD,467,k4,,,,k5,,1
iP005_OD,479,k4,k4,,c1,k5,k5,0
iP005_OD,487,k4,k4,c1,c1,,k5,1
iP005_OD,499,k4,k4,c1,c1,k5,k5,1
iP005_OD,506,k4,k4,c1,,k5,k5,1
iP005_OD,515,k4,k4,c1,c1,k5,k5,1
iP005_OD,521,k4,k4,c1,c1,k5,k5,1
iP005_OD,529,k4,,c1,c1,k5,,1
iP005_OD,536,k4,,c1,c1,k5,k5,1
iP005_OD,543,,,c1,c1,k5,,1
iP005_OD,547,k4,,c1,c1,k5,,1
iP005_OD,555,,,c1,,k5,,1
iP005_OD,563,k4,k4,c1,c1,k5,,0
iP005_OD,571,k4,k4,c1,c1,k5,k5,1
iP005_OD,577,k4,k4,c1,c1,k5,k5,1
iP005_OD,585,k4,,,,,,1
iP005_OD,594,,k4,,c1,,k5,0
iP005_OD,606,,k4,c1,c1,k5,k5,0
iP005_OD,612,k4,k4,c1,c1,k5,k5,1
iP005_OD,622,k4,k4,c1,,k5,,1
iP005_OD,629,k4,k4,c1,,,k5,1
iP005_OD,634,k4,k4,c1,c1,k5,k5,1
iP005_OD,640,k4,k4,c1,c1,,k5,1
iP005_OD,643,k4,k4,c1,c1,k5,k5,1
iP005_OD,656,k4,k4,c1,c1,k5,,1
iP005_OD,659,k4,,c1,,k5,,1
iP005_OD,663,k4,,c1,,k5,,0
iP005_OD,672,k4,,c1,c1,k5,,0
iP005_OD,680,k4,k4,c1,c1,k5,,1
iP005_OD,687,k4,k4,c1,c1,,k5,1
iP005_OD,698,,k4,c1,c1,,k5,1
iP005_OD,703,k4,k4,c1,c1,k5,k5,1
iP005_OD,714,k4,k4,c1,,k5,k5,1
iP005_OD,717,k4,k4,c1,c1,k5,k5,1
iP005_OD,728,k4,k4,c1,,,,1
iP005_OD,735,k4,k4,c1,,,k5,1
iP005_OD,747,k4,k4,c1,c1,k5,k5,1
iP005_OD,757,k4,k4,c1,c1,,k5,1
iP005_OD,768,,k4,c1,c1,k5,,1
iP005_OD,778,,k4,c1,c1,,k5,1
iP005_OD,783,k4,,c1,,k5,k5,1
iP005_OD,790,k4,k4,c1,c1,,k5,1
iP005_OD,802,k4,k4,c1,c1,k5,k5,1
iP005_OD,805,,k4,c1,c1,,k5,1
iP005_OD,816,k4,k4,c1,c1,k5,k5,1
iP005_OD,819,,k4,c1,c1,,k5,1
iP005_OD,824,k4,k4,c1,c1,k5,k5,1
iP005_OS,121,k4,k4,c1,,k5,,1
iP005_OS,124,k4,k4,c1,,k5,,1
iP005_OS,135,,k4,,c1,,k5,1
iP005_OS,140,k4,k4,c1,c1,k5,k5,0
iP005_OS,145,k4,,,,,,1
iP005_OS,148,k4,,,,,,0
iP005_OS,160,,k4,c1,c1,,k5,0
iP005_OS,170,k4,k4,c1,c1,,k5,1
iP005_OS,179,,k4,c1,c1,,k5,1
iP005_OS,192,k4,k4,c1,c1,k5,k5,1
iP005_OS,198,k4,k4,c1,c1,k5,k5,1
iP005_OS,210,k4,,c1,c1,k5,,1
iP005_OS,223,k4,k4,,c1,,k5,1
iP005_OS,229,k4,k4,,c1,k5,k5,1
iP005_OS,238,,k4,c1,c1,,k5,1
iP005_OS,241,,k4,c1,c1,,k5,1
iP005_OS,245,,k4,c1,c1,,k5,1
iP005_OS,258,,k4,,c1,k5,,1
iP005_OS,261,k4,k4,,c1,,,1
iP005_OS,266,k4,k4,,c1,k5,k5,1
iP005_OS,272,k4,k4,c1,c1,k5,k5,1
iP005_OS,285,k4,k4,,c1,k5,,1
iP005_OS,293,k4,k4,c1,,k5,,1
iP005_OS,300,k4,k4,c1,,k5,,1
iP005_OS,304,k4,,c1,,k5,,1
iP005_OS,317,k4,k4,c1,c1,k5,k5,0
iP005_OS,322,,k4,c1,c1,,,1
iP005_OS,333,k4,k4,c1,c1,,k5,1
iP005_OS,339,k4,k4,c1,c1,k5,k5,1
iP005_OS,349,k4,k4,c1,c1,,k5,1
iP005_OS,359,k4,,c1,c1,k5,k5,1
iP005_OS,363,k4,k4,c1,c1,k5,k5,1
iP005_OS,367,k4,k4,c1,c1,k5,k5,1
iP005_OS,375,k4,k4,c1,c1,k5,k5,1
iP005_OS,380,k4,k4,c1,c1,k5,k5,1
iP005_OS,393,k4,,c1,,k5,k5,1
iP005_OS,402,,k4,,c1,,k5,1
iP005_OS,415,,k4,,c1,,k5,0
iP005_OS,423,k4,k4,,c1,,k5,0
iP007_OD,1004,k4,,c1,c1,k5,,1
iP007_OD,1013,,,,c1,,,1
iP007_OD,1026,,k4,c1,c1,,,0
iP007_OD,1038,k4,k4,c1,c1,k5,,1
iP007_OD,1044,k4,k4,c1,c1,k5,,1
iP007_OD,1054,k4,k4,,c1,k5,k5,1
iP007_OD,1061,,k4,,c1,,,1
iP007_OD,1069,,k4,c1,c1,,k5,0
iP007_OD,1076,,k4,c1,c1,k5,k5,1
iP007_OD,1079,,k4,c1,c1,k5,k5,1
iP007_OD,1083,,k4,c1,c1,,k5,1
iP007_OD,1091,k4,k4,c1,c1,k5,,1
iP007_OD,1096,k4,k4,c1,c1,k5,k5,1
iP007_OD,1100,k4,k4,c1,c1,k5,k5,1
iP007_OD,1103,k4,k4,c1,c1,k5,k5,1
iP007_OD,1111,k4,k4,c1,c1,k5,k5,1
iP007_OD,511,k4,k4,c1,c1,k5,k5,1
iP007_OD,524,,k4,,c1,k5,k5,1
iP007_OD,531,k4,k4,c1,c1,k5,k5,1
iP007_OD,539,k4,k4,c1,c1,k5,k5,1
iP007_OD,547,k4,k4,,c1,k5,k5,1
iP007_OD,558,,k4,,c1,k5,k5,1
iP007_OD,562,k4,k4,,c1,,k5,1
iP007_OD,572,k4,k4,,,k5,k5,1
iP007_OD,577,,,,c1,k5,k5,1
iP007_OD,586,k4,k4,,c1,k5,k5,1
iP007_OD,599,k4,k4,,c1,k5,k5,1
iP007_OD,610,k4,k4,c1,c1,k5,k5,1
iP007_OD,622,k4,k4,,c1,,k5,1
iP007_OD,634,k4,k4,c1,c1,k5,,1
iP007_OD,644,,k4,,c1,k5,,1
iP007_OD,650,,k4,c1,c1,k5,,1
iP007_OD,660,,k4,c1,c1,k5,k5,1
iP007_OD,673,,,,c1,k5,,1
iP007_OD,678,k4,k4,c1,c1,,k5,1
iP007_OD,684,,k4,,c1,,k5,1
iP007_OD,696,k4,k4,c1,c1,,k5,0
iP007_OD,706,,,,,,k5,1
iP007_OD,718,,k4,,,k5,,0
iP007_OD,729,k4,k4,c1,c1,k5,k5,1
iP007_OD,736,,k4,c1,c1,k5,k5,1
iP007_OD,746,k4,k4,c1,c1,k5,k5,1
iP007_OD,749,k4,k4,c1,c1,k5,k5,1
iP007_OD,755,k4,k4,c1,c1,k5,k5,1
iP007_OD,759,k4,k4,c1,c1,k5,k5,1
iP007_OD,765,k4,k4,c1,c1,k5,k5,1
iP007_OD,770,k4,k4,c1,c1,k5,k5,1
iP007_OD,777,k4,k4,c1,c1,k5,k5,1
iP007_OD,788,k4,k4,c1,c1,k5,k5,1
iP007_OD,797,k4,k4,c1,c1,k5,k5,1
iP007_OD,801,k4,k4,c1,c1,k5,k5,1
iP007_OD,812,,k4,,c1,,,1
iP007_OD,823,,k4,c1,c1,,k5,0
iP007_OD,831,k4,k4,c1,c1,,k5,1
iP007_OD,837,k4,k4,c1,c1,,k5,1
iP007_OD,845,k4,k4,c1,c1,,k5,1
iP007_OD,848,k4,k4,c1,c1,,k5,1
iP007_OD,861,k4,k4,,c1,k5,k5,1
iP007_OD,869,,,,c1,k5,k5,1
iP007_OD,873,,,,,,,1
iP007_OD,881,,k4,,c1,k5,k5,0
iP007_OD,889,k4,,c1,,k5,,1
iP007_OD,892,,k4,,c1,k5,k5,0
iP007_OD,903,,k4,,c1,k5,k5,1
iP007_OD,910,k4,k4,c1,c1,k5,k5,1
iP007_OD,915,k4,k4,c1,c1,k5,k5,1
iP007_OD,918,k4,k4,c1,c1,k5,k5,1
iP007_OD,930,k4,k4,c1,c1,k5,,1
iP007_OD,940,k4,k4,c1,c1,k5,k5,1
iP007_OD,944,k4,k4,c1,c1,,k5,1
iP007_OD,950,k4,k4,c1,c1,k5,k5,1
iP007_OD,959,k4,k4,c1,c1,k5,k5,1
iP007_OD,971,,k4,,c1,k5,k5,1
iP007_OD,984,k4,k4,,c1,,k5,1
iP007_OD,994,k4,,,,k5,,1
iP010_OD,1003,,,c1,,,,0
iP010_OD,1010,k4,k4,c1,,k5,k5,0
iP010_OD,1020,,k4,,,,,1
iP010_OD,1029,k4,k4,c1,,k5,k5,0
iP010_OD,1036,,k4,,,,k5,1
iP010_OD,1041,k4,k4,c1,,k5,k5,0
iP010_OD,1044,k4,k4,c1,,k5,k5,1
iP010_OD,1055,,k4,c1,,k5,,1
iP010_OD,1062,k4,k4,c1,,k5,k5,1
iP010_OD,1072,,k4,c1,,k5,k5,1
iP010_OD,1076,k4,k4,c1,,k5,k5,1
iP010_OD,1081,,,c1,,k5,,1
iP010_OD,1084,,k4,,c1,k5,k5,0
iP010_OD,1095,,k4,c1,c1,,k5,1
iP010_OD,1098,,k4,,c1,,k5,1
iP010_OD,1105,,k4,c1,c1,,,0
iP010_OD,1111,,k4,c1,c1,,,1
iP010_OD,1119,,k4,,c1,,k5,1
iP010_OD,1125,,k4,c1,c1,,k5,0
iP010_OD,1136,k4,,c1,,,,1
iP010_OD,1141,k4,,c1,,k5,,0
iP010_OD,1153,k4,,c1,,k5,,0
iP010_OD,1156,k4,,c1,,k5,,0
iP010_OD,1162,k4,,c1,,k5,,0
iP010_OD,1175,k4,,c1,,k5,,0
iP010_OD,1182,k4,k4,c1,,k5,k5,0
iP010_OD,1191,k4,k4,c1,,k5,k5,1
iP010_OD,1200,k4,,c1,,k5,,1
iP010_OD,1211,k4,,c1,,k5,,0
iP010_OD,1223,k4,,c1,,k5,k5,0
iP010_OD,1233,k4,,c1,,k5,,1
iP010_OD,1237,k4,,c1,,k5,,0
iP010_OD,1245,k4,,,,,,0
iP010_OD,1254,,k4,,c1,,k5,0
iP010_OD,1259,,k4,c1,c1,,,0
iP010_OD,1263,,k4,,c1,,,1
iP010_OD,1267,,k4,,c1,,,0
iP010_OD,1271,,k4,,c1,,,0
iP010_OD,1279,,k4,,c1,,k5,0
iP010_OD,1286,,k4,c1,c1,k5,k5,0
iP010_OD,1296,k4,,c1,,k5,,1
iP010_OD,1299,k4,,c1,,k5,,0
iP010_OD,1310,k4,,c1,,k5,,0
iP010_OD,1323,k4,,c1,,k5,,0
iP010_OD,1332,k4,,c1,,k5,,0
iP010_OD,1342,k4,,c1,,k5,,0
iP010_OD,1353,k4,,c1,,k5,,0
iP010_OD,1364,k4,k4,c1,,,k5,0
iP010_OD,1367,k4,k4,c1,,k5,k5,1
iP010_OD,1380,k4,,c1,,k5,,1
iP010_OD,1388,k4,,,,k5,k5,0
iP010_OD,1391,k4,,c1,,k5,k5,1
iP010_OD,1404,k4,,c1,,k5,,1
iP010_OD,1414,k4,k4,c1,,k5,k5,0
iP010_OD,1421,k4,k4,c1,,k5,k5,1
iP010_OD,1429,k4,k4,c1,,k5,k5,1
iP010_OD,739,k4,k4,c1,,k5,k5,1
iP010_OD,742,k4,k4,c1,,,k5,1
iP010_OD,748,k4,k4,c1,,,k5,1
iP010_OD,761,k4,k4,c1,,k5,k5,1
iP010_OD,771,,k4,,,k5,k5,1
iP010_OD,778,,,,,,,1
iP010_OD,787,k4,,c1,,k5,,0
iP010_OD,797,k4,,c1,,k5,,0
iP010_OD,800,k4,k4,c1,,k5,k5,0
iP010_OD,807,k4,k4,c1,,k5,k5,1
iP010_OD,811,,k4,c1,,k5,k5,1
iP010_OD,820,,k4,c1,,,k5,1
iP010_OD,825,,k4,,,k5,k5,1
iP010_OD,838,,k4,,,,k5,1
iP010_OD,848,,k4,,c1,,k5,0
iP010_OD,858,k4,k4,,c1,k5,k5,0
iP010_OD,868,,,,,,,1
iP010_OD,872,,,,,,k5,0
iP010_OD,884,,k4,c1,c1,,k5,0
iP010_OD,889,k4,k4,c1,c1,k5,k5,1
iP010_OD,899,,k4,,c1,,k5,1
iP010_OD,903,,k4,,c1,,k5,0
iP010_OD,915,,k4,,c1,,k5,0
iP010_OD,921,,k4,,c1,,k5,0
iP010_OD,929,k4,k4,c1,,,k5,0
iP010_OD,935,k4,,,,,,1
iP010_OD,945,,k4,c1,,,k5,0
iP010_OD,958,,k4,,,k5,k5,1
iP010_OD,968,k4,k4,,,k5,k5,1
iP010_OD,979,k4,k4,c1,,k5,k5,1
iP010_OD,984,k4,k4,c1,,k5,k5,1
iP010_OD,990,k4,k4,c1,,k5,k5,1
iP015_OS,1004,k4,k4,c1,c1,k5,k5,1
iP015_OS,1010,k4,,,c1,k5,,1
iP015_OS,1015,k4,k4,c1,c1,k5,k5,1
iP015_OS,1027,,k4,c1,,k5,k5,1
iP015_OS,1031,,k4,,,k5,k5,1
iP015_OS,1041,,k4,c1,,k5,k5,1
iP015_OS,1049,,k4,,,,k5,1
iP015_OS,1058,,k4,,c1,,k5,0
iP015_OS,1071,,k4,c1,,,k5,0
iP015_OS,1084,,k4,c1,,,k5,1
iP015_OS,1093,,k4,,,,k5,1
iP015_OS,1105,k4,k4,c1,,k5,k5,0
iP015_OS,1116,,k4,,c1,k5,,1
iP015_OS,1128,,k4,,c1,k5,k5,1
iP015_OS,1138,k4,k4,c1,c1,k5,k5,1
iP015_OS,1151,k4,k4,c1,c1,k5,k5,1
iP015_OS,1160,k4,k4,c1,c1,k5,k5,1
iP015_OS,1167,k4,k4,c1,c1,k5,k5,1
iP015_OS,1173,k4,k4,c1,c1,,k5,1
iP015_OS,1180,k4,k4,c1,c1,,k5,1
iP015_OS,1183,k4,k4,c1,c1,,k5,1
iP015_OS,1187,k4,k4,c1,c1,k5,k5,1
iP015_OS,1197,k4,,c1,,k5,k5,1
iP015_OS,1209,,,,,,,1
iP015_OS,1214,,,,,,,0
iP015_OS,1224,,k4,,,,k5,0
iP015_OS,1231,,k4,,,,k5,0
iP015_OS,1236,,k4,c1,,k5,k5,0
iP015_OS,1246,,k4,,,,k5,1
iP015_OS,1251,,k4,,,,k5,0
iP015_OS,1257,k4,k4,c1,,k5,k5,0
iP015_OS,1263,k4,k4,c1,c1,k5,k5,1
iP015_OS,1275,k4,k4,c1,,k5,k5,1
iP015_OS,1283,k4,k4,c1,,k5,k5,1
iP015_OS,1289,k4,k4,,c1,k5,k5,1
iP015_OS,196,,k4,,c1,,k5,1
iP015_OS,206,,,,,,,0
iP015_OS,209,,k4,,,,k5,0
iP015_OS,212,,k4,,c1,,k5,0
iP015_OS,224,,,c1,c1,,,0
iP015_OS,232,k4,k4,c1,,,,1
iP015_OS,242,,,,,,,1
iP015_OS,248,,,,,,,0
iP015_OS,257,,k4,c1,,,k5,0
iP015_OS,260,,k4,,,,k5,1
iP015_OS,265,,k4,,,,k5,0
iP015_OS,278,,k4,c1,,,k5,0
iP015_OS,290,,k4,,c1,,k5,1
iP015_OS,296,,k4,,c1,,k5,0
iP015_OS,308,,k4,c1,,,k5,0
iP015_OS,318,,k4,c1,,,k5,1
iP015_OS,326,k4,k4,c1,,k5,k5,1
iP015_OS,334,,k4,c1,c1,,k5,1
iP015_OS,340,,k4,c1,c1,,k5,1
iP015_OS,343,k4,k4,c1,c1,k5,k5,1
iP015_OS,347,,k4,,c1,,k5,1
iP015_OS,355,k4,k4,c1,c1,k5,,0
iP015_OS,363,k4,,c1,c1,k5,,1
iP015_OS,372,k4,k4,c1,c1,k5,k5,1
iP015_OS,378,k4,k4,c1,c1,k5,k5,1
iP015_OS,390,,k4,c1,c1,k5,k5,1
iP015_OS,401,,,,,,,1
iP015_OS,409,,,,,,,0
iP015_OS,415,,,,,,,0
iP015_OS,423,,,,,,,0
iP015_OS,428,,,,,,,0
iP015_OS,439,,,,,,,0
iP015_OS,452,,k4,c1,,,k5,0
iP015_OS,457,,k4,,c1,,k5,1
iP015_OS,467,,,,,,,0
iP015_OS,480,,k4,,c1,,k5,0
iP015_OS,489,,k4,,c1,,k5,0
iP015_OS,499,,,,,,,0
iP015_OS,509,k4,,c1,,k5,,0
iP015_OS,515,k4,k4,c1,c1,k5,,0
iP015_OS,523,k4,k4,c1,c1,k5,k5,1
iP015_OS,530,k4,k4,c1,c1,k5,,1
iP015_OS,535,k4,k4,c1,c1,k5,k5,1
iP015_OS,541,k4,k4,c1,c1,k5,,1
iP015_OS,547,,k4,,,,,1
iP015_OS,556,k4,k4,c1,c1,k5,k5,0
iP015_OS,565,k4,k4,c1,,k5,,1
iP015_OS,575,k4,k4,c1,c1,k5,k5,1
iP015_OS,580,k4,k4,c1,c1,k5,k5,1
iP015_OS,586,k4,k4,,c1,k5,k5,1
iP015_OS,598,k4,k4,c1,c1,k5,k5,1
iP015_OS,604,k4,k4,c1,c1,k5,k5,1
iP015_OS,616,k4,k4,c1,c1,k5,k5,1
iP015_OS,619,k4,,c1,c1,k5,,1
iP015_OS,624,k4,k4,,c1,k5,k5,1
iP015_OS,636,,k4,c1,c1,k5,k5,1
iP015_OS,644,,,,c1,,,1
iP015_OS,651,k4,k4,,c1,,k5,0
iP015_OS,655,k4,k4,c1,c1,k5,k5,1
iP015_OS,658,k4,k4,c1,,,,1
iP015_OS,667,k4,k4,c1,c1,k5,k5,1
iP015_OS,675,k4,k4,c1,c1,k5,,1
iP015_OS,678,k4,,,,k5,,1
iP015_OS,685,k4,k4,c1,c1,k5,,0
iP015_OS,691,k4,k4,c1,c1,k5,,1
iP015_OS,696,k4,k4,c1,c1,k5,k5,1
iP015_OS,706,k4,k4,c1,c1,k5,k5,1
iP015_OS,710,k4,k4,c1,c1,k5,,1
iP015_OS,716,k4,k4,c1,c1,k5,k5,1
iP015_OS,720,k4,k4,c1,c1,k5,k5,1
iP015_OS,725,k4,k4,c1,c1,k5,k5,1
iP015_OS,729,k4,k4,c1,c1,k5,,1
iP015_OS,734,k4,k4,c1,c1,k5,k5,1
iP015_OS,742,k4,k4,c1,c1,k5,k5,1
iP015_OS,748,k4,k4,c1,c1,k5,k5,1
iP015_OS,752,k4,k4,c1,c1,,k5,1
iP015_OS,764,k4,k4,,c1,,k5,1
iP015_OS,770,k4,k4,c1,c1,k5,k5,1
iP015_OS,781,k4,k4,c1,c1,,k5,1
iP015_OS,794,,k4,c1,c1,k5,k5,1
iP015_OS,801,,k4,c1,c1,,k5,1
iP015_OS,804,k4,k4,c1,c1,k5,k5,1
iP015_OS,812,k4,k4,c1,c1,,k5,1
iP015_OS,818,k4,k4,c1,c1,k5,k5,1
iP015_OS,829,,k4,,,,k5,1
iP015_OS,836,,k4,,c1,,k5,0
iP015_OS,844,,k4,,,,k5,0
iP015_OS,856,,,,,,,0
iP015_OS,865,,,,,,,0
iP015_OS,872,k4,,,,k5,,0
iP015_OS,876,,,,,k5,k5,0
iP015_OS,888,k4,,,,k5,,1
iP015_OS,893,,,,,,,0
iP015_OS,898,,k4,c1,,k5,k5,0
iP015_OS,902,k4,k4,,c1,k5,k5,1
iP015_OS,905,,k4,c1,,k5,k5,1
iP015_OS,909,,k4,c1,,k5,k5,1
iP015_OS,920,,k4,c1,,,k5,1
iP015_OS,931,,k4,,c1,k5,k5,1
iP015_OS,939,k4,k4,,,k5,k5,1
iP015_OS,949,k4,k4,c1,c1,,k5,1
iP015_OS,954,k4,,c1,c1,k5,,1
iP015_OS,964,k4,k4,c1,,k5,k5,1
iP015_OS,973,k4,k4,c1,c1,,k5,1
iP015_OS,982,k4,k4,c1,c1,k5,k5,1
iP015_OS,991,k4,k4,c1,c1,k5,k5,1
iP015_OS,996,k4,k4,c1,c1,,k5,1
iP017_OD,1007,k4,k4,c1,c1,k5,,1
iP017_OD,1013,k4,k4,c1,c1,k5,k5,1
iP017_OD,1025,k4,,c1,,k5,k5,1
iP017_OD,1036,k4,,c1,,k5,,1
iP017_OD,1042,k4,k4,c1,c1,k5,,0
iP017_OD,1047,,,,,k5,,1
iP017_OD,1060,,,,,k5,k5,0
iP017_OD,1071,,,,,k5,,1
iP017_OD,1076,,,,,k5,k5,0
iP017_OD,1089,,,,,k5,k5,1
iP017_OD,1097,,,,,k5,,1
iP017_OD,1104,,,,,k5,,0
iP017_OD,1113,,,,,k5,,0
iP017_OD,1124,,,,,k5,,0
iP017_OD,1137,,,,,k5,,0
iP017_OD,1146,,,,,k5,,0
iP017_OD,1156,k4,,c1,,k5,,0
iP017_OD,1165,k4,,c1,,k5,,0
iP017_OD,1169,k4,,c1,,k5,,0
iP017_OD,1178,k4,,c1,,k5,,0
iP017_OD,1188,k4,k4,c1,c1,k5,k5,0
iP017_OD,1200,k4,k4,c1,c1,k5,k5,1
iP017_OD,1210,k4,k4,c1,c1,k5,k5,1
iP017_OD,1216,,k4,c1,,k5,k5,1
iP017_OD,1223,k4,k4,c1,c1,k5,,1
iP017_OD,1229,k4,k4,c1,c1,k5,k5,1
iP017_OD,1232,k4,k4,c1,c1,k5,,1
iP017_OD,1245,,k4,,c1,,k5,1
iP017_OD,1253,,k4,,c1,,k5,0
iP017_OD,1260,,k4,,c1,,k5,0
iP017_OD,1272,,k4,,c1,,k5,0
iP017_OD,1284,,k4,,c1,,k5,0
iP017_OD,1292,,k4,,c1,,k5,0
iP017_OD,1298,,k4,,c1,,k5,0
iP017_OD,1305,,k4,,c1,,k5,0
iP017_OD,1314,,k4,,c1,,k5,0
iP017_OD,1325,k4,k4,c1,c1,k5,k5,0
iP017_OD,1338,k4,k4,c1,c1,k5,,1
iP017_OD,1341,k4,k4,c1,c1,k5,,1
iP017_OD,1347,k4,k4,c1,,k5,,1
iP017_OD,1360,k4,k4,c1,c1,k5,k5,1
iP017_OD,1367,k4,k4,c1,c1,k5,k5,1
iP017_OD,1378,k4,,c1,,k5,k5,1
iP017_OD,1381,k4,,c1,,k5,,1
iP017_OD,1388,k4,,c1,,k5,k5,0
iP017_OD,1393,k4,,c1,,k5,k5,1
iP017_OD,1397,k4,,c1,,k5,k5,1
iP017_OD,1404,k4,,c1,,k5,k5,1
iP017_OD,1408,k4,,c1,c1,k5,k5,1
iP017_OD,1415,k4,k4,c1,c1,k5,k5,1
iP017_OD,1427,,k4,,c1,k5,k5,1
iP017_OD,1435,,k4,,c1,k5,k5,1
iP017_OD,1440,,k4,,c1,k5,k5,1
iP017_OD,1450,,k4,,c1,k5,k5,1
iP017_OD,1454,,k4,,c1,k5,k5,1
iP017_OD,1465,,k4,,c1,,k5,1
iP017_OD,1468,,k4,,c1,,k5,0
iP017_OD,1481,,k4,,c1,,k5,0
iP017_OD,1491,,k4,,c1,,k5,0
iP017_OD,1503,,k4,,c1,,k5,0
iP017_OD,1508,,k4,,c1,,k5,0
iP017_OD,1521,,k4,,c1,,k5,0
iP017_OD,1531,k4,,c1,,k5,,0
iP017_OD,1543,k4,,c1,,k5,,0
iP017_OD,1546,k4,,c1,,k5,,0
iP017_OD,1549,k4,,c1,,k5,,0
iP017_OD,1553,k4,k4,c1,c1,k5,,0
iP017_OD,1560,k4,k4,c1,c1,k5,k5,1
iP017_OD,1568,k4,k4,c1,c1,k5,k5,1
iP017_OD,1579,k4,,c1,c1,k5,,1
iP017_OD,1584,k4,k4,c1,c1,k5,k5,1
iP017_OD,1589,k4,k4,c1,c1,k5,k5,1
iP017_OD,1592,k4,k4,c1,c1,k5,k5,1
iP017_OD,1597,k4,k4,c1,c1,k5,k5,1
iP017_OD,1605,k4,k4,c1,c1,k5,k5,1
iP017_OD,1617,k4,k4,c1,c1,k5,k5,1
iP017_OD,1622,k4,k4,c1,c1,k5,k5,1
iP017_OD,1629,k4,k4,c1,c1,k5,k5,1
iP017_OD,1633,k4,k4,c1,c1,k5,k5,1
iP017_OD,1639,k4,k4,c1,c1,k5,k5,1
iP017_OD,1648,k4,k4,c1,c1,k5,k5,1
iP017_OD,1654,k4,k4,c1,c1,k5,k5,1
iP017_OD,1658,k4,k4,c1,c1,k5,k5,1
iP017_OD,1666,k4,k4,c1,c1,k5,k5,1
iP017_OD,1671,k4,k4,c1,c1,k5,k5,1
iP017_OD,1676,k4,k4,c1,c1,k5,k5,1
iP017_OD,1686,k4,k4,c1,c1,k5,k5,1
iP017_OD,1693,k4,k4,c1,c1,k5,k5,1
iP017_OD,1706,k4,k4,c1,c1,k5,k5,1
iP017_OD,1714,k4,k4,c1,c1,k5,k5,1
iP017_OD,1721,k4,k4,c1,c1,k5,k5,1
iP017_OD,1730,k4,k4,c1,c1,k5,k5,1
iP017_OD,1734,k4,k4,c1,c1,k5,k5,1
iP017_OD,1747,k4,k4,c1,c1,k5,k5,1
iP017_OD,1753,k4,k4,c1,c1,k5,k5,1
iP017_OD,1766,k4,k4,c1,c1,k5,k5,1
iP017_OD,1775,k4,k4,c1,c1,k5,k5,1
iP017_OD,1788,k4,k4,c1,c1,k5,k5,1
iP017_OD,1801,k4,,c1,,k5,,1
iP017_OD,1813,k4,,c1,,k5,,0
iP017_OD,1823,k4,,c1,,k5,,0
iP017_OD,1831,k4,,c1,,k5,,0
iP017_OD,1836,k4,,c1,,k5,,0
iP017_OD,1839,k4,,c1,,k5,,0
iP017_OD,1842,k4,,c1,,k5,,0
iP017_OD,1851,k4,,c1,,k5,,0
iP017_OD,1859,k4,,c1,,k5,,0
iP017_OD,1869,k4,,c1,,k5,,0
iP017_OD,1879,k4,,c1,c1,k5,k5,0
iP017_OD,1887,k4,,c1,c1,k5,k5,1
iP017_OD,1894,k4,,c1,c1,k5,k5,1
iP017_OD,1897,k4,,c1,c1,k5,,1
iP017_OD,1910,k4,k4,c1,c1,k5,k5,1
iP017_OD,1914,k4,k4,c1,c1,k5,k5,1
iP017_OD,1921,k4,k4,c1,c1,k5,k5,1
iP017_OD,1927,k4,k4,c1,c1,k5,k5,1
iP017_OD,1933,k4,k4,c1,c1,k5,k5,1
iP017_OD,1936,k4,k4,c1,c1,k5,k5,1
iP017_OD,1940,k4,k4,c1,c1,k5,k5,1
iP017_OD,1951,k4,k4,c1,c1,k5,k5,1
iP017_OD,1958,k4,,c1,,k5,,1
iP017_OD,1961,k4,,c1,,k5,,0
iP017_OD,1969,k4,,c1,,k5,,0
iP017_OD,1979,k4,,c1,,k5,,0
iP017_OD,1988,k4,,c1,,k5,,0
iP017_OD,1994,k4,,c1,,k5,,0
iP017_OD,2002,k4,,c1,,k5,,0
iP017_OD,2012,k4,,c1,,k5,,0
iP017_OD,2015,k4,,c1,,k5,,0
iP017_OD,2024,k4,,c1,,k5,,0
iP017_OD,2027,k4,,c1,,k5,,0
iP017_OD,2035,k4,,c1,,k5,,0
iP017_OD,2043,k4,,c1,,k5,,0
iP017_OD,2046,k4,,c1,,k5,,0
iP017_OD,2051,k4,,c1,,k5,,0
iP017_OD,2058,k4,,c1,,k5,,0
iP017_OD,2069,k4,k4,c1,,k5,k5,0
iP017_OD,2076,k4,,c1,c1,k5,,1
iP017_OD,2081,k4,k4,c1,c1,k5,k5,1
iP017_OD,2089,k4,k4,c1,c1,k5,k5,1
iP017_OD,2102,k4,k4,c1,c1,k5,k5,1
iP017_OD,2105,k4,k4,c1,c1,k5,k5,1
iP017_OD,2117,k4,,c1,,k5,,1
iP017_OD,2121,k4,,c1,,k5,,0
iP017_OD,2129,k4,,c1,,k5,,0
iP017_OD,2132,k4,,c1,,k5,,0
iP017_OD,2135,k4,,c1,,k5,,0
iP017_OD,2140,k4,,c1,,k5,,0
iP017_OD,2145,k4,,c1,,k5,,0
iP017_OD,2150,k4,,c1,,k5,,0
iP017_OD,2155,k4,,c1,,k5,,0
iP017_OD,2161,k4,,c1,,k5,,0
iP017_OD,2167,k4,,c1,,k5,,0
iP017_OD,2177,k4,,c1,,k5,,0
iP017_OD,2187,k4,,c1,,k5,k5,0
iP017_OD,2190,k4,,c1,,k5,k5,1
iP017_OD,2197,k4,,c1,,k5,k5,1
iP017_OD,2204,k4,,c1,,k5,,1
iP017_OD,2210,k4,,c1,,k5,,0
iP017_OD,2219,k4,,c1,,k5,,0
iP017_OD,2226,k4,,c1,,k5,,0
iP017_OD,2239,k4,,c1,,k5,,0
iP017_OD,2245,k4,,c1,,k5,,0
iP017_OD,2253,k4,,c1,,k5,k5,0
iP017_OD,2261,k4,,c1,,k5,,1
iP017_OD,2273,,,,,k5,k5,0
iP017_OD,2285,,k4,,,k5,k5,1
iP017_OD,2291,k4,k4,c1,c1,k5,k5,1
iP017_OD,2294,k4,,c1,c1,k5,,1
iP017_OD,2303,k4,k4,c1,c1,k5,k5,1
iP017_OD,2306,k4,k4,c1,c1,k5,,1
iP017_OD,2309,k4,k4,c1,c1,k5,k5,1
iP017_OD,2316,k4,k4,c1,c1,k5,k5,1
iP017_OD,899,k4,k4,c1,c1,k5,k5,1
iP017_OD,903,k4,k4,c1,c1,k5,k5,1
iP017_OD,908,k4,k4,c1,c1,k5,k5,1
iP017_OD,915,k4,k4,c1,c1,k5,k5,1
iP017_OD,921,k4,k4,c1,c1,k5,k5,1
iP017_OD,934,k4,k4,c1,c1,k5,k5,1
iP017_OD,939,k4,k4,c1,c1,k5,k5,1
iP017_OD,951,k4,k4,c1,c1,k5,k5,1
iP017_OD,958,k4,k4,c1,c1,k5,k5,1
iP017_OD,964,k4,k4,c1,c1,k5,k5,1
iP017_OD,969,k4,,c1,,k5,,1
iP017_OD,980,k4,,c1,,k5,,0
iP017_OD,990,k4,,c1,,k5,,0
iP017_OD,994,k4,,c1,,k5,,0
iP024_OD,1001,,k4,,,,k5,0
iP024_OD,1007,,,,,,k5,0
iP024_OD,1012,,,,,,k5,0
iP024_OD,1024,,k4,,,,k5,0
iP024_OD,1037,,k4,,,,k5,0
iP024_OD,1043,,k4,,,,k5,0
iP024_OD,1047,,k4,,,,k5,0
iP024_OD,1057,,k4,c1,c1,k5,k5,0
iP024_OD,1068,,k4,c1,c1,k5,k5,1
iP024_OD,1071,k4,k4,c1,c1,,k5,1
iP024_OD,1081,k4,k4,,,,k5,1
iP024_OD,1091,k4,k4,c1,c1,k5,k5,1
iP024_OD,1101,,k4,c1,c1,k5,k5,1
iP024_OD,1107,,k4,c1,c1,,,1
iP024_OD,1110,k4,k4,c1,c1,k5,k5,1
iP024_OD,1114,k4,k4,c1,c1,,k5,1
iP024_OD,1119,k4,,c1,c1,,k5,1
iP024_OD,1127,k4,,c1,c1,k5,k5,1
iP024_OD,1137,k4,,,c1,,k5,1
iP024_OD,1140,k4,,,c1,k5,k5,1
iP024_OD,1153,,k4,c1,c1,k5,k5,1
iP024_OD,1163,,k4,c1,c1,k5,,1
iP024_OD,1166,,k4,c1,c1,,,1
iP024_OD,1169,,k4,c1,c1,,,1
iP024_OD,1181,,k4,,c1,k5,,1
iP024_OD,1186,,k4,,c1,k5,k5,1
iP024_OD,1192,k4,k4,c1,c1,,k5,1
iP024_OD,1199,,,,,,,1
iP024_OD,1208,,,,,k5,k5,0
iP024_OD,1212,,,,,k5,k5,1
iP024_OD,1222,,,,,k5,k5,1
iP024_OD,1226,,k4,,,k5,k5,1
iP024_OD,1238,k4,k4,,,k5,k5,1
iP024_OD,1242,,k4,,,k5,k5,1
iP024_OD,1251,,k4,,,k5,k5,1
iP024_OD,1254,,k4,,,k5,k5,1
iP024_OD,1259,,k4,,,k5,k5,1
iP024_OD,1269,,k4,,,k5,k5,1
iP024_OD,1275,,k4,,c1,k5,k5,1
iP024_OD,1284,,k4,,,k5,k5,1
iP024_OD,1297,,k4,,,k5,k5,1
iP024_OD,1300,,k4,,c1,,k5,1
iP024_OD,1309,,k4,,c1,k5,k5,0
iP024_OD,1315,,k4,,c1,k5,k5,1
iP024_OD,1325,,k4,,c1,k5,k5,1
iP024_OD,1336,k4,k4,c1,c1,k5,k5,1
iP024_OD,1346,k4,k4,,c1,k5,k5,1
iP024_OD,1355,k4,k4,c1,,k5,k5,1
iP024_OD,1366,,k4,,,k5,k5,1
iP024_OD,1379,,k4,c1,c1,k5,,1
iP024_OD,1389,,k4,c1,c1,,k5,1
iP024_OD,1401,,k4,,c1,k5,,1
iP024_OD,1406,,k4,c1,c1,k5,k5,1
iP024_OD,1410,k4,k4,c1,c1,k5,k5,1
iP024_OD,1421,,k4,c1,c1,k5,k5,1
iP024_OD,1430,k4,k4,c1,c1,k5,k5,1
iP024_OD,1437,,k4,c1,c1,k5,k5,1
iP024_OD,1446,k4,k4,c1,c1,k5,k5,1
iP024_OD,1454,k4,k4,c1,c1,k5,k5,1
iP024_OD,1458,,k4,,c1,k5,k5,1
iP024_OD,1467,,k4,,c1,k5,k5,1
iP024_OD,1473,k4,k4,c1,c1,k5,k5,1
iP024_OD,1483,k4,k4,c1,c1,k5,k5,1
iP024_OD,1494,k4,k4,c1,c1,k5,k5,1
iP024_OD,1498,k4,k4,c1,c1,k5,k5,1
iP024_OD,1507,k4,k4,c1,c1,k5,k5,1
iP024_OD,1520,k4,,,c1,k5,,1
iP024_OD,1531,,,,c1,k5,,1
iP024_OD,1540,,k4,,c1,k5,k5,1
iP024_OD,1547,,k4,,c1,k5,k5,1
iP024_OD,1552,,k4,,c1,k5,k5,1
iP024_OD,1560,,k4,,c1,k5,,1
iP024_OD,1569,,k4,,c1,k5,k5,1
iP024_OD,1573,,k4,,c1,,,1
iP024_OD,1581,k4,k4,c1,c1,k5,,0
iP024_OD,1589,,k4,,c1,k5,k5,1
iP024_OD,1592,,k4,,c1,,k5,1
iP024_OD,1602,k4,k4,,c1,,k5,0
iP024_OD,1612,,k4,,,k5,k5,1
iP024_OD,1617,,k4,,,k5,k5,1
iP024_OD,1630,,k4,,c1,,k5,1
iP024_OD,1638,,k4,,c1,,k5,0
iP024_OD,1646,,k4,c1,c1,,k5,0
iP024_OD,1659,,k4,,c1,,k5,1
iP024_OD,1670,k4,k4,,c1,,k5,0
iP024_OD,1673,k4,k4,,c1,k5,k5,1
iP024_OD,1680,,k4,,c1,,k5,1
iP024_OD,1689,k4,k4,c1,c1,k5,k5,0
iP024_OD,1699,,k4,,c1,,k5,1
iP024_OD,1712,k4,k4,c1,c1,,k5,0
iP024_OD,1720,,k4,c1,c1,,k5,1
iP024_OD,1727,,k4,c1,c1,,k5,1
iP024_OD,1734,,k4,c1,c1,k5,k5,1
iP024_OD,1741,k4,k4,c1,c1,k5,k5,1
iP024_OD,1744,k4,k4,,c1,k5,k5,1
iP024_OD,1752,,k4,,c1,k5,k5,1
iP024_OD,1765,k4,k4,c1,c1,k5,k5,1
iP024_OD,1778,k4,k4,c1,c1,k5,k5,1
iP024_OD,1790,,k4,c1,c1,k5,k5,1
iP024_OD,1795,k4,k4,,c1,k5,k5,1
iP024_OD,1808,k4,k4,,c1,k5,,1
iP024_OD,1815,k4,k4,,c1,k5,k5,1
iP024_OD,1820,,k4,,c1,,k5,1
iP024_OD,1826,,k4,,,k5,k5,0
iP024_OD,1830,,k4,,,k5,k5,1
iP024_OD,1833,,k4,,c1,k5,k5,1
iP024_OD,1846,,k4,,c1,k5,k5,1
iP024_OD,1852,,k4,,c1,k5,k5,1
iP024_OD,1863,k4,k4,c1,c1,k5,k5,1
iP024_OD,1872,,k4,c1,c1,k5,k5,1
iP024_OD,1881,,k4,c1,c1,k5,k5,1
iP024_OD,1893,,k4,c1,c1,k5,k5,1
iP024_OD,1901,,k4,c1,c1,k5,k5,1
iP024_OD,1909,,k4,c1,c1,,k5,1
iP024_OD,1918,,k4,c1,c1,k5,k5,1
iP024_OD,1922,,k4,c1,c1,,k5,1
iP024_OD,1933,,k4,c1,c1,,k5,1
iP024_OD,1939,,k4,c1,c1,k5,k5,1
iP024_OD,1949,,k4,,c1,,k5,1
iP024_OD,1962,,k4,,c1,k5,k5,0
iP024_OD,1968,k4,k4,,c1,k5,,1
iP024_OD,1981,k4,,,c1,,,1
iP024_OD,1992,,k4,,c1,k5,k5,1
iP024_OD,2004,,k4,,c1,k5,k5,1
iP024_OD,2010,,,,,,,1
iP024_OD,2016,,,,,,,0
iP024_OD,2020,,k4,,,,k5,0
iP024_OD,2029,,k4,c1,c1,,k5,0
iP024_OD,2033,,k4,c1,c1,,k5,1
iP024_OD,2041,,k4,c1,c1,,k5,1
iP024_OD,2054,,k4,c1,c1,,k5,1
iP024_OD,2062,,k4,c1,c1,,k5,1
iP024_OD,2067,,k4,c1,c1,,k5,1
iP024_OD,2076,,k4,c1,c1,,k5,1
iP024_OD,2083,,k4,c1,c1,,k5,1
iP024_OD,2093,,k4,c1,c1,,k5,1
iP024_OD,2102,,k4,c1,c1,k5,k5,1
iP024_OD,2115,,k4,c1,c1,,k5,1
iP024_OD,2122,,k4,c1,c1,,k5,1
iP024_OD,2127,,k4,c1,c1,,k5,1
iP024_OD,2137,,k4,c1,c1,,k5,1
iP024_OD,2147,,k4,c1,c1,,k5,1
iP024_OD,2156,,k4,c1,c1,k5,k5,1
iP024_OD,2162,,k4,c1,c1,,,1
iP024_OD,2172,,k4,c1,c1,,,1
iP024_OD,2183,,k4,c1,c1,,,1
iP024_OD,2188,,k4,c1,c1,,,1
iP024_OD,2200,,k4,c1,c1,k5,k5,1
iP024_OD,2209,,k4,,c1,,k5,1
iP024_OD,733,k4,k4,c1,c1,,k5,0
iP024_OD,739,,,c1,,,,1
iP024_OD,743,k4,,c1,,,,0
iP024_OD,752,,,c1,,,,0
iP024_OD,761,,k4,,,,,0
iP024_OD,774,,,,,,k5,0
iP024_OD,783,,,,,k5,,0
iP024_OD,794,,k4,,c1,k5,,0
iP024_OD,800,k4,k4,,c1,,k5,1
iP024_OD,803,k4,k4,,c1,k5,k5,1
iP024_OD,806,k4,k4,,c1,,k5,1
iP024_OD,812,,,,,,,1
iP024_OD,825,,k4,,c1,,k5,0
iP024_OD,834,k4,k4,,c1,,k5,0
iP024_OD,843,,k4,,c1,,k5,1
iP024_OD,852,,,,c1,,k5,0
iP024_OD,865,,,c1,c1,k5,k5,0
iP024_OD,874,,,c1,c1,k5,k5,1
iP024_OD,878,,,c1,c1,k5,k5,1
iP024_OD,881,,,c1,c1,k5,k5,1
iP024_OD,890,,,c1,c1,k5,k5,1
iP024_OD,896,k4,k4,c1,c1,k5,k5,1
iP024_OD,901,k4,k4,c1,c1,k5,k5,1
iP024_OD,914,k4,,c1,c1,k5,k5,1
iP024_OD,921,k4,k4,c1,c1,k5,k5,1
iP024_OD,928,k4,,c1,c1,k5,k5,1
iP024_OD,938,,k4,c1,c1,k5,k5,1
iP024_OD,941,,k4,c1,c1,k5,k5,1
iP024_OD,953,,k4,,c1,k5,,1
iP024_OD,966,,k4,c1,c1,k5,,1
iP024_OD,976,,k4,c1,c1,,k5,1
iP024_OD,988,k4,k4,c1,c1,k5,k5,1
iP024_OD,998,,,,,,k5,1
iP029_OD,1066,,k4,,,,,0
iP029_OD,1078,k4,k4,c1,c1,k5,k5,0
iP029_OD,1083,k4,k4,,c1,,k5,1
iP029_OD,1090,k4,k4,c1,c1,k5,k5,1
iP029_OD,1097,k4,,c1,,,,1
iP029_OD,1100,,k4,,c1,k5,k5,0
iP029_OD,1111,k4,k4,c1,c1,,k5,1
iP029_OD,1117,k4,k4,c1,,k5,k5,1
iP029_OD,1129,k4,k4,c1,,k5,k5,1
iP029_OD,1133,k4,,c1,,k5,k5,1
iP029_OD,1137,k4,k4,c1,,k5,,1
iP029_OD,1144,k4,,c1,,k5,k5,1
iP029_OD,1150,k4,,c1,,k5,k5,1
iP029_OD,1159,k4,,c1,,k5,,1
iP029_OD,1166,k4,,c1,,k5,k5,0
iP029_OD,1174,k4,,c1,,k5,k5,1
iP029_OD,1183,,,c1,,k5,k5,1
iP029_OD,1193,k4,,c1,,k5,k5,1
iP029_OD,1197,k4,,c1,,k5,k5,1
iP029_OD,1201,k4,,c1,,k5,k5,1
iP029_OD,1207,k4,,c1,,k5,k5,1
iP029_OD,1218,k4,,c1,,k5,k5,1
iP029_OD,1231,k4,k4,c1,c1,k5,k5,1
iP029_OD,1244,,k4,c1,,k5,k5,1
iP029_OD,1252,k4,k4,c1,c1,k5,k5,1
iP029_OD,1258,k4,,c1,,k5,k5,1
iP029_OD,1262,k4,k4,c1,,k5,k5,1
iP029_OD,1265,k4,,c1,,k5,k5,1
iP029_OD,1275,k4,,c1,c1,k5,k5,1
iP029_OD,1279,k4,,c1,,k5,k5,1
iP029_OD,1282,k4,,c1,c1,k5,k5,1
iP029_OD,1286,,,c1,c1,k5,k5,1
iP029_OD,1295,k4,,c1,c1,k5,k5,1
iP029_OD,1308,,,c1,,k5,k5,1
iP029_OD,1319,k4,,c1,,k5,k5,1
iP029_OD,1329,k4,,c1,,k5,k5,1
iP029_OD,1333,k4,,c1,c1,k5,k5,1
iP029_OD,1336,k4,,c1,c1,k5,k5,1
iP029_OD,1348,k4,k4,c1,c1,k5,k5,1
iP029_OD,1360,k4,k4,c1,c1,k5,k5,1
iP029_OD,1369,k4,,c1,c1,k5,,1
iP029_OD,1381,k4,k4,c1,c1,k5,,1
iP029_OD,1386,k4,k4,c1,c1,k5,,1
iP029_OD,1395,k4,k4,c1,c1,k5,k5,1
iP029_OD,1404,k4,k4,c1,c1,k5,k5,1
iP029_OD,1417,k4,k4,c1,c1,k5,k5,1
iP029_OD,1427,k4,k4,c1,c1,k5,k5,1
iP029_OD,1434,k4,k4,c1,c1,k5,k5,1
iP029_OD,1440,k4,k4,c1,c1,k5,k5,1
iP029_OD,1453,k4,k4,c1,,k5,,1
iP029_OD,1459,,,c1,,k5,,1
iP029_OD,1466,,k4,c1,,k5,,0
iP029_OD,1476,,k4,c1,,,,1
iP029_OD,1480,k4,k4,c1,,,,1
iP029_OD,1483,k4,k4,c1,,,,1
iP029_OD,1496,k4,k4,c1,c1,k5,k5,1
iP029_OD,1499,k4,k4,c1,c1,k5,k5,1
iP029_OD,1506,k4,k4,c1,c1,k5,k5,1
iP029_OD,1513,k4,,c1,,k5,k5,1
iP029_OD,1524,k4,k4,c1,,k5,k5,1
iP029_OD,1537,k4,k4,c1,c1,k5,k5,1
iP029_OD,1540,k4,k4,c1,,k5,k5,1
iP029_OD,1545,k4,k4,c1,,k5,k5,1
iP029_OD,1553,k4,k4,c1,c1,k5,k5,1
iP029_OD,1564,k4,,c1,c1,k5,k5,1
iP029_OD,1570,k4,k4,c1,c1,k5,k5,1
iP029_OD,1577,k4,,c1,c1,k5,k5,1
iP029_OD,1581,k4,k4,c1,c1,k5,k5,1
iP029_OD,1588,k4,k4,c1,c1,k5,k5,1
iP029_OD,1599,k4,,c1,c1,k5,k5,1
iP029_OD,1609,k4,k4,c1,c1,k5,k5,1
iP029_OD,1612,k4,,c1,c1,,k5,1
iP029_OD,1615,k4,k4,c1,c1,,k5,1
iP029_OD,1624,k4,k4,c1,c1,k5,k5,1
iP029_OD,1630,k4,k4,c1,c1,k5,k5,1
iP029_OD,1641,k4,k4,c1,c1,k5,,1
iP029_OD,1650,k4,k4,c1,c1,k5,,1
iP029_OD,1653,k4,,c1,c1,k5,k5,1
iP029_OD,1659,k4,k4,c1,c1,k5,k5,1
iP029_OD,1665,k4,,c1,,k5,,1
iP029_OD,1668,k4,,c1,,k5,,0
iP029_OD,1676,,k4,c1,,k5,,0
iP029_OD,1682,k4,k4,c1,,,k5,1
iP029_OD,1694,k4,k4,c1,,k5,,1
iP029_OD,1707,k4,k4,c1,c1,,k5,1
iP029_OD,1715,k4,k4,c1,,k5,k5,1
iP029_OD,1723,k4,k4,c1,c1,k5,k5,1
iP029_OD,1734,k4,,c1,c1,k5,k5,1
iP029_OD,1739,k4,k4,c1,c1,k5,k5,1
iP029_OD,1750,k4,k4,c1,c1,k5,k5,1
iP029_OD,1753,k4,k4,c1,c1,k5,k5,1
iP029_OD,1765,k4,k4,c1,c1,k5,k5,1
iP029_OD,1773,k4,,c1,,k5,k5,1
iP029_OD,1780,k4,,c1,c1,,k5,1
iP029_OD,1790,k4,k4,c1,c1,,k5,1
iP029_OD,1803,k4,,c1,c1,,k5,1
iP029_OD,1806,k4,k4,c1,c1,,k5,1
iP029_OD,1811,k4,,c1,,,k5,1
iP029_OD,1815,k4,k4,c1,,,k5,1
iP029_OD,1827,k4,k4,c1,,,k5,1
iP029_OD,1837,k4,k4,c1,c1,k5,k5,1
iP029_OD,1846,k4,,c1,,,k5,1
iP029_OD,1857,k4,,c1,c1,,k5,1
iP029_OD,1862,k4,,c1,,,k5,1
iP029_OD,1866,k4,,c1,,,k5,1
iP029_OD,1872,k4,k4,,,k5,k5,1
iP029_OD,1883,k4,k4,c1,c1,k5,k5,1
iP029_OD,1889,k4,k4,c1,c1,k5,k5,1
iP029_OD,1899,k4,k4,c1,c1,k5,k5,1
iP039_OD,1006,k4,k4,c1,c1,k5,k5,1
iP039_OD,1018,k4,k4,c1,c1,k5,k5,1
iP039_OD,1027,k4,k4,,c1,k5,k5,1
iP039_OD,1034,k4,k4,c1,c1,k5,k5,1
iP039_OD,1041,k4,,c1,,k5,,1
iP039_OD,1054,,,c1,c1,,,0
iP039_OD,1063,k4,,,,,,1
iP039_OD,1076,,,,,,,0
iP039_OD,1084,,k4,,,,k5,0
iP039_OD,1092,k4,k4,,,k5,,0
iP039_OD,1103,,k4,,,,k5,1
iP039_OD,1106,,k4,,,,k5,0
iP039_OD,1116,,k4,,,,k5,0
iP039_OD,1128,,k4,c1,,,k5,0
iP039_OD,1134,,k4,,,,k5,1
iP039_OD,1141,,k4,,,,k5,0
iP039_OD,1152,,k4,,,,k5,0
iP039_OD,1156,,k4,c1,,k5,k5,0
iP039_OD,1161,,k4,,,,k5,1
iP039_OD,1167,,k4,c1,,,k5,0
iP039_OD,1172,,k4,,,,k5,1
iP039_OD,1176,,k4,,,,k5,0
iP039_OD,1183,,k4,,,,k5,0
iP039_OD,1190,,k4,,c1,,k5,0
iP039_OD,1198,,,,,,k5,0
iP039_OD,1204,,k4,,c1,,k5,0
iP039_OD,1217,k4,k4,c1,c1,k5,k5,0
iP039_OD,1221,k4,k4,c1,c1,k5,k5,1
iP039_OD,1227,k4,k4,c1,c1,k5,k5,1
iP039_OD,1240,k4,k4,,c1,k5,k5,1
iP039_OD,1243,k4,k4,c1,c1,k5,k5,1
iP039_OD,1248,k4,k4,c1,c1,k5,k5,1
iP039_OD,1259,k4,k4,c1,c1,k5,k5,1
iP039_OD,1262,k4,,c1,,k5,,1
iP039_OD,1273,k4,,c1,,k5,,0
iP039_OD,1285,k4,,c1,,k5,,0
iP039_OD,1293,k4,,,,k5,,0
iP039_OD,1301,k4,,,,k5,,0
iP039_OD,1306,k4,,,,k5,,0
iP039_OD,1319,k4,,,,k5,,0
iP039_OD,1330,,,,,,,0
iP039_OD,1343,,k4,,,k5,,0
iP039_OD,1347,,k4,,,k5,,1
iP039_OD,1353,k4,,c1,,k5,,1
iP039_OD,1364,k4,,c1,,k5,,0
iP039_OD,1375,k4,,,,k5,,0
iP039_OD,1384,k4,,c1,,k5,,0
iP039_OD,1387,k4,,,,k5,,0
iP039_OD,1393,k4,,,,k5,,0
iP039_OD,1400,,,,,k5,,0
iP039_OD,1407,k4,,c1,,k5,,0
iP039_OD,1411,k4,,,,k5,,0
iP039_OD,1421,,k4,,,k5,,0
iP039_OD,1432,k4,,,,k5,,1
iP039_OD,1438,k4,k4,c1,c1,k5,k5,0
iP039_OD,1444,k4,k4,c1,c1,k5,k5,1
iP039_OD,436,,k4,,c1,,,1
iP039_OD,448,,,,c1,,,0
iP039_OD,451,k4,,,,k5,,0
iP039_OD,463,,,,,,,0
iP039_OD,467,,,,,,k5,0
iP039_OD,476,,,,,,,0
iP039_OD,481,,,,,,,0
iP039_OD,489,k4,,,,,k5,0
iP039_OD,496,k4,,c1,c1,,k5,1
iP039_OD,503,k4,,c1,,,k5,1
iP039_OD,516,,,,,,,1
iP039_OD,526,,,,c1,,k5,0
iP039_OD,532,,,,,,,0
iP039_OD,543,,,,c1,,k5,0
iP039_OD,548,,,,c1,,k5,0
iP039_OD,552,k4,,,c1,k5,,0
iP039_OD,562,,,,,,,1
iP039_OD,574,k4,k4,,c1,k5,,0
iP039_OD,584,k4,k4,,c1,k5,k5,1
iP039_OD,591,k4,k4,,c1,k5,k5,1
iP039_OD,598,k4,k4,,c1,k5,k5,1
iP039_OD,601,k4,k4,,c1,,k5,1
iP039_OD,605,k4,k4,,c1,,k5,1
iP039_OD,614,k4,k4,,c1,k5,k5,1
iP039_OD,625,k4,k4,,c1,k5,k5,1
iP039_OD,631,k4,,,,k5,,1
iP039_OD,644,k4,,,,k5,,0
iP039_OD,651,k4,,,,,k5,0
iP039_OD,655,,,,,,,1
iP039_OD,661,,,,,,k5,0
iP039_OD,665,,,,c1,,,0
iP039_OD,676,,,,c1,,k5,0
iP039_OD,681,,,,c1,,k5,0
iP039_OD,691,,,,c1,,k5,0
iP039_OD,695,,,,,,k5,0
iP039_OD,699,,,,c1,,k5,0
iP039_OD,703,,,,c1,,k5,0
iP039_OD,715,,,,c1,,,0
iP039_OD,726,,,,c1,,,0
iP039_OD,735,,,,c1,,,0
iP039_OD,743,,,,c1,,k5,0
iP039_OD,753,k4,,c1,,,k5,0
iP039_OD,760,k4,,c1,,k5,k5,1
iP039_OD,766,,,,c1,,k5,1
iP039_OD,773,k4,,,c1,,k5,0
iP039_OD,785,k4,,,,,,1
iP039_OD,789,k4,,,,,,0
iP039_OD,802,k4,,,,,k5,0
iP039_OD,809,k4,,,,,k5,1
iP039_OD,817,,,,c1,,k5,1
iP039_OD,828,,,,c1,k5,,0
iP039_OD,840,k4,k4,c1,c1,k5,k5,1
iP039_OD,849,k4,k4,c1,c1,k5,k5,1
iP039_OD,852,k4,k4,c1,c1,k5,k5,1
iP039_OD,864,k4,k4,,c1,k5,k5,1
iP039_OD,870,k4,k4,c1,c1,k5,k5,1
iP039_OD,881,k4,k4,,c1,,k5,1
iP039_OD,891,k4,k4,c1,c1,k5,k5,1
iP039_OD,894,k4,k4,,c1,k5,k5,1
iP039_OD,899,k4,k4,c1,c1,k5,k5,1
iP039_OD,912,k4,k4,c1,c1,k5,k5,1
iP039_OD,915,k4,k4,c1,c1,k5,k5,1
iP039_OD,925,k4,k4,c1,c1,k5,k5,1
iP039_OD,936,k4,k4,c1,c1,k5,k5,1
iP039_OD,949,k4,k4,c1,c1,k5,k5,1
iP039_OD,952,k4,k4,c1,c1,k5,k5,1
iP039_OD,957,k4,k4,c1,c1,k5,k5,1
iP039_OD,962,k4,k4,c1,c1,k5,k5,1
iP039_OD,969,k4,k4,c1,c1,k5,k5,1
iP039_OD,980,k4,k4,c1,c1,k5,k5,1
iP039_OD,988,k4,k4,c1,c1,k5,k5,1
iP039_OD,997,k4,k4,c1,c1,k5,k5,1
iP039_OS,208,k4,k4,,c1,k5,k5,1
iP039_OS,216,,k4,c1,,,k5,1
iP039_OS,226,k4,,,,k5,k5,1
iP039_OS,233,,k4,,,k5,k5,1
iP039_OS,237,k4,,,c1,k5,k5,1
iP039_OS,250,,k4,,,k5,k5,1
iP039_OS,259,,k4,c1,,k5,k5,1
iP039_OS,266,k4,k4,,,k5,k5,1
iP039_OS,270,,k4,c1,,k5,k5,1
iP039_OS,276,,k4,c1,,k5,k5,1
iP039_OS,286,,k4,c1,,k5,k5,1
iP039_OS,297,,k4,c1,,,k5,1
iP039_OS,310,,k4,,c1,k5,k5,1
iP039_OS,315,,k4,c1,,,k5,1
iP039_OS,321,,k4,c1,,k5,k5,1
iP039_OS,331,,k4,c1,,k5,k5,1
iP039_OS,342,,k4,c1,,,k5,1
iP039_OS,350,,k4,,c1,k5,k5,1
iP039_OS,353,,k4,,c1,k5,k5,1
iP039_OS,357,k4,k4,c1,,k5,k5,1
iP039_OS,368,k4,k4,c1,c1,k5,k5,1
iP039_OS,375,k4,k4,c1,c1,k5,k5,1
iP039_OS,380,k4,k4,c1,c1,k5,k5,1
iP039_OS,384,k4,k4,c1,c1,k5,k5,1
iP039_OS,395,k4,k4,c1,c1,k5,k5,1
iP039_OS,398,k4,k4,c1,c1,k5,k5,1
iP039_OS,406,k4,k4,c1,c1,k5,k5,1
iP039_OS,416,k4,,c1,,k5,k5,1
iP039_OS,427,k4,k4,c1,,k5,k5,1
iP039_OS,437,k4,k4,c1,,k5,k5,1
iP039_OS,442,k4,k4,c1,,k5,k5,1
iP039_OS,447,k4,k4,c1,,k5,k5,1
iP039_OS,453,k4,k4,c1,,k5,k5,1
iP039_OS,459,k4,k4,c1,,k5,k5,1
iP039_OS,471,k4,k4,c1,,k5,k5,1
iP039_OS,474,k4,k4,c1,,k5,k5,1
iP039_OS,483,k4,,c1,,k5,k5,1
iP039_OS,493,k4,k4,c1,,k5,k5,1
iP039_OS,497,k4,,c1,,k5,k5,1
iP039_OS,510,k4,,c1,,k5,k5,1
iP039_OS,517,k4,k4,c1,,k5,k5,1
iP039_OS,524,k4,,c1,,k5,k5,1
iP039_OS,533,,k4,c1,,k5,,1
iP039_OS,546,k4,k4,c1,,k5,,1
iP039_OS,559,k4,,c1,c1,k5,k5,1
iP039_OS,562,k4,,c1,,k5,k5,1
iP039_OS,565,k4,,c1,,k5,k5,1
iP039_OS,578,k4,k4,c1,c1,k5,k5,1
iP039_OS,582,k4,k4,c1,c1,k5,k5,1
iP039_OS,593,k4,k4,c1,c1,k5,k5,1
iP039_OS,605,k4,k4,c1,c1,k5,k5,1
iP039_OS,616,k4,,c1,c1,k5,,1
iP039_OS,624,k4,k4,,,k5,k5,1
iP039_OS,628,k4,k4,,,k5,k5,1
iP039_OS,639,k4,k4,,,k5,k5,1
iP039_OS,642,k4,,,,k5,k5,1
iP039_OS,653,k4,k4,,,k5,k5,1
iP039_OS,661,k4,k4,c1,,k5,k5,1
iP039_OS,664,k4,k4,c1,,k5,k5,1
iP039_OS,670,k4,,c1,,k5,k5,1
iP039_OS,680,k4,k4,c1,c1,k5,k5,1
iP039_OS,692,k4,,c1,,k5,,1
iP039_OS,695,k4,k4,c1,,k5,k5,0
iP039_OS,701,k4,k4,,,k5,k5,1
iP039_OS,706,k4,,c1,,k5,,1
iP039_OS,715,k4,k4,c1,c1,k5,,0
iP039_OS,726,k4,,c1,c1,k5,,1
iP039_OS,736,k4,k4,,,k5,k5,1
iP039_OS,746,k4,,,,k5,,1
iP039_OS,750,k4,,c1,,k5,,0
iP039_OS,755,k4,,,,k5,,0
iP039_OS,761,,,c1,c1,,,0
iP039_OS,764,,,c1,c1,,,1
iP039_OS,776,k4,,c1,,k5,,1
iP039_OS,781,,,c1,,k5,,0
iP039_OS,789,k4,,c1,,k5,,0
iP039_OS,793,,,c1,,k5,,0
iP039_OS,796,,,c1,,,,0
iP039_OS,808,,,c1,c1,,,0
iP039_OS,815,k4,,c1,,k5,,1
iP039_OS,819,k4,,c1,,k5,,0
iP039_OS,822,,,c1,,k5,k5,0
iP039_OS,827,k4,,,,k5,,1
iP039_OS,830,k4,k4,c1,c1,k5,k5,0
iP039_OS,840,k4,k4,c1,c1,k5,k5,1
iP039_OS,843,k4,k4,c1,c1,k5,k5,1
iP040_OS,246,k4,,,,,,1
iP040_OS,249,k4,,,,,,0
iP040_OS,261,k4,,c1,,k5,,0
iP040_OS,268,k4,,c1,,k5,,0
iP040_OS,276,k4,k4,c1,,k5,,0
iP040_OS,279,k4,k4,c1,,k5,k5,1
iP040_OS,284,k4,k4,c1,,k5,k5,1
iP040_OS,290,k4,k4,c1,,k5,k5,1
iP040_OS,297,k4,k4,c1,,k5,k5,1
iP040_OS,303,k4,k4,c1,c1,k5,,1
iP040_OS,311,k4,k4,c1,,k5,,1
iP040_OS,318,k4,k4,c1,,k5,,1
iP040_OS,327,k4,k4,c1,,k5,k5,1
iP040_OS,336,k4,k4,c1,,k5,,1
iP040_OS,343,k4,k4,c1,,k5,k5,1
iP040_OS,348,k4,k4,c1,,k5,,1
iP040_OS,358,k4,k4,c1,,k5,k5,1
iP040_OS,361,k4,k4,c1,,k5,k5,1
iP040_OS,365,k4,k4,c1,,k5,k5,1
iP040_OS,374,k4,k4,c1,,k5,k5,1
iP040_OS,382,k4,k4,c1,,k5,k5,1
iP040_OS,394,k4,k4,c1,,k5,k5,1
iP040_OS,397,k4,k4,c1,,k5,k5,1
iP040_OS,404,k4,k4,c1,,k5,k5,1
iP040_OS,417,k4,k4,c1,,k5,k5,1
iP040_OS,424,k4,k4,c1,,k5,k5,1
iP040_OS,435,k4,k4,c1,,k5,k5,1
iP040_OS,440,k4,k4,c1,,k5,k5,1
iP040_OS,453,k4,,c1,,k5,,1
iP040_OS,459,k4,k4,c1,c1,k5,k5,0
iP040_OS,471,k4,,c1,,k5,,1
iP040_OS,475,k4,,c1,,k5,,0
iP040_OS,480,k4,,c1,c1,k5,,0
iP040_OS,493,k4,,c1,,k5,,1
iP040_OS,502,k4,k4,c1,,k5,k5,0
iP040_OS,514,k4,k4,c1,,k5,,1
iP040_OS,526,k4,k4,c1,,k5,k5,1
iP040_OS,539,k4,k4,c1,,k5,k5,1
iP040_OS,551,k4,k4,c1,,k5,k5,1
iP040_OS,554,k4,k4,c1,,k5,k5,1
iP040_OS,565,k4,k4,c1,,k5,k5,1
iP040_OS,572,k4,k4,c1,,k5,k5,1
iP040_OS,581,k4,k4,c1,c1,k5,k5,1
iP040_OS,588,k4,k4,c1,,k5,k5,1
iP040_OS,600,k4,k4,c1,,k5,k5,1
iP040_OS,608,k4,k4,c1,,k5,k5,1
iP040_OS,619,k4,k4,c1,,k5,k5,1
iP040_OS,626,k4,k4,c1,,k5,k5,1
iP040_OS,637,k4,k4,c1,c1,k5,k5,1
iP040_OS,641,k4,k4,c1,,k5,k5,1
iP040_OS,648,k4,,c1,,k5,,1
iP040_OS,660,k4,k4,,c1,,k5,0
iP040_OS,667,k4,k4,,c1,,k5,1
iP040_OS,675,k4,k4,,,,k5,1
iP040_OS,679,k4,,,c1,k5,,1
iP040_OS,682,k4,,c1,c1,k5,,1
iP040_OS,694,k4,,,,k5,,1
iP040_OS,697,k4,,c1,,k5,,0
iP040_OS,710,k4,,c1,,k5,,0
iP040_OS,713,k4,k4,c1,,k5,,0
iP040_OS,721,k4,k4,c1,,k5,k5,1
iP040_OS,729,k4,k4,c1,,k5,k5,1
iP040_OS,732,k4,k4,c1,c1,k5,k5,1
iP040_OS,735,k4,k4,c1,,k5,k5,1
iP040_OS,740,k4,k4,c1,c1,k5,k5,1
iP040_OS,751,k4,k4,c1,,k5,k5,1
iP040_OS,762,k4,k4,c1,,k5,k5,1
iP040_OS,766,k4,k4,c1,,k5,k5,1
iP040_OS,777,k4,k4,c1,,k5,k5,1
iP040_OS,784,k4,k4,c1,,k5,k5,1
iP040_OS,793,k4,k4,c1,,k5,k5,1
iP040_OS,803,k4,k4,c1,,k5,k5,1
iP040_OS,809,k4,k4,c1,,k5,k5,1
iP040_OS,814,k4,k4,c1,,k5,k5,1
iP040_OS,823,k4,k4,c1,,k5,k5,1
iP040_OS,833,k4,k4,c1,,k5,k5,1
iP040_OS,844,k4,k4,c1,,k5,k5,1
iP040_OS,851,k4,k4,c1,,k5,k5,1
iP040_OS,864,k4,k4,c1,,k5,k5,1
iP040_OS,869,k4,k4,c1,c1,k5,k5,1
iP040_OS,877,k4,k4,c1,c1,k5,k5,1
iP040_OS,880,k4,k4,c1,c1,k5,k5,1
iP040_OS,883,k4,k4,c1,,k5,k5,1
iP040_OS,888,k4,k4,c1,,k5,k5,1
iP040_OS,891,k4,k4,c1,,k5,k5,1
iP040_OS,904,k4,k4,c1,c1,k5,k5,1
iP040_OS,907,k4,k4,c1,,k5,k5,1
iP040_OS,914,k4,k4,,c1,k5,k5,1
iP040_OS,922,k4,,c1,,k5,k5,1
iP040_OS,930,k4,k4,c1,c1,,k5,1
iP040_OS,935,,k4,c1,c1,,k5,1
iP040_OS,948,k4,k4,,c1,,k5,1
iP042_OD,1003,k4,k4,,,k5,k5,1
iP042_OD,1013,k4,,,,k5,,1
iP042_OD,1020,k4,k4,c1,,k5,k5,0
iP042_OD,1029,k4,k4,c1,,k5,k5,1
iP042_OD,1036,k4,,c1,,,,1
iP042_OD,1044,k4,,c1,,k5,,0
iP042_OD,1048,k4,k4,c1,,k5,k5,0
iP042_OD,1058,k4,k4,c1,,k5,k5,1
iP042_OD,1066,k4,k4,c1,,k5,k5,1
iP042_OD,1075,k4,k4,,,k5,k5,1
iP042_OD,1078,k4,,,,k5,,1
iP042_OD,1081,k4,,c1,,k5,,0
iP042_OD,1092,k4,k4,,c1,k5,k5,0
iP042_OD,1098,,k4,c1,c1,k5,,1
iP042_OD,425,,k4,,c1,k5,k5,1
iP042_OD,430,k4,k4,,c1,k5,k5,1
iP042_OD,434,k4,k4,c1,c1,k5,,1
iP042_OD,441,k4,k4,c1,c1,k5,k5,1
iP042_OD,445,k4,k4,c1,c1,k5,,1
iP042_OD,457,k4,,,,k5,k5,1
iP042_OD,466,k4,,,,k5,k5,1
iP042_OD,475,,k4,,,,k5,1
iP042_OD,480,,,,,,k5,0
iP042_OD,485,,,,,,k5,0
iP042_OD,488,,,,,,k5,0
iP042_OD,491,,k4,,,,k5,0
iP042_OD,498,k4,k4,,,k5,k5,0
iP042_OD,502,,k4,,,,k5,1
iP042_OD,509,k4,k4,,,k5,k5,0
iP042_OD,519,k4,k4,,,k5,k5,1
iP042_OD,522,k4,k4,,,k5,k5,1
iP042_OD,531,k4,,,,k5,k5,1
iP042_OD,543,k4,k4,,,k5,k5,1
iP042_OD,546,k4,k4,,,k5,k5,1
iP042_OD,559,k4,k4,,,k5,k5,1
iP042_OD,564,k4,k4,,,k5,k5,1
iP042_OD,569,k4,k4,,,k5,k5,1
iP042_OD,576,k4,k4,,,k5,k5,1
iP042_OD,587,k4,,,,k5,,1
iP042_OD,594,k4,k4,c1,c1,k5,,0
iP042_OD,607,,,c1,c1,k5,,1
iP042_OD,619,,k4,,c1,k5,k5,1
iP042_OD,625,k4,k4,,c1,k5,k5,1
iP042_OD,636,,k4,,c1,k5,k5,1
iP042_OD,649,,,,,,,1
iP042_OD,661,,k4,,c1,,k5,0
iP042_OD,670,,,,c1,,,0
iP042_OD,673,k4,,,c1,k5,,0
iP042_OD,680,k4,,,c1,k5,,1
iP042_OD,685,,,,,k5,,1
iP042_OD,694,k4,k4,c1,,k5,k5,0
iP042_OD,704,k4,k4,,,k5,k5,1
iP042_OD,716,k4,k4,c1,,k5,,1
iP042_OD,727,k4,k4,c1,,k5,k5,1
iP042_OD,737,k4,k4,,,k5,k5,1
iP042_OD,743,k4,k4,,,k5,k5,1
iP042_OD,753,k4,k4,c1,,k5,k5,1
iP042_OD,763,k4,,,,k5,k5,1
iP042_OD,774,k4,,c1,,k5,k5,1
iP042_OD,777,k4,,,,k5,k5,1
iP042_OD,787,k4,,,,k5,k5,1
iP042_OD,791,k4,,,,k5,k5,1
iP042_OD,797,,k4,,c1,k5,,1
iP042_OD,804,k4,k4,,c1,k5,,1
iP042_OD,809,k4,k4,c1,c1,k5,k5,1
iP042_OD,817,k4,k4,c1,,k5,k5,1
iP042_OD,825,k4,k4,c1,c1,k5,k5,1
iP042_OD,838,,,,,,,1
iP042_OD,844,,,,,,,0
iP042_OD,850,k4,k4,,,k5,k5,0
iP042_OD,861,k4,,,,k5,,1
iP042_OD,867,k4,,,,k5,,0
iP042_OD,880,k4,,,,k5,,0
iP042_OD,889,k4,,c1,,k5,,0
iP042_OD,901,k4,k4,c1,,k5,k5,0
iP042_OD,907,k4,,c1,,k5,,1
iP042_OD,918,k4,k4,c1,,k5,k5,0
iP042_OD,929,k4,,,,k5,,1
iP042_OD,941,k4,,c1,,k5,,0
iP042_OD,952,k4,,c1,,k5,,0
iP042_OD,961,k4,k4,,,k5,k5,0
iP042_OD,971,k4,k4,c1,,k5,k5,1
iP042_OD,981,k4,k4,,,k5,k5,1
iP042_OD,991,k4,,c1,,k5,,1
iP042_OD,994,k4,k4,,,k5,k5,0
iP042_OS,107,,,,,,,1
iP042_OS,111,k4,k4,,c1,,k5,0
iP042_OS,116,k4,k4,,c1,k5,k5,1
iP042_OS,126,,,,,,,1
iP042_OS,137,k4,k4,,,k5,k5,0
iP042_OS,140,,k4,,,k5,k5,1
iP042_OS,144,k4,k4,,,k5,k5,1
iP042_OS,149,k4,k4,,,k5,k5,1
iP042_OS,153,,k4,,,,k5,1
iP042_OS,156,,k4,,,,k5,0
iP042_OS,159,k4,k4,c1,,k5,k5,0
iP042_OS,170,k4,k4,c1,,k5,k5,1
iP042_OS,177,k4,k4,c1,,k5,k5,1
iP042_OS,181,k4,k4,c1,,k5,k5,1
iP042_OS,193,k4,k4,,,k5,k5,1
iP042_OS,201,k4,k4,,,k5,k5,1
iP042_OS,209,k4,k4,,,k5,k5,1
iP042_OS,219,k4,k4,,,k5,k5,1
iP042_OS,229,k4,k4,,,k5,k5,1
iP042_OS,237,k4,k4,,,k5,k5,1
iP042_OS,247,k4,k4,,,k5,k5,1
iP042_OS,254,,k4,,,k5,k5,1
iP042_OS,258,k4,k4,,,k5,k5,1
iP042_OS,268,k4,k4,,,k5,k5,1
iP042_OS,276,k4,k4,,,k5,k5,1
iP042_OS,288,k4,k4,,,k5,k5,1
iP042_OS,298,k4,k4,,,k5,k5,1
iP042_OS,304,k4,k4,c1,c1,k5,k5,1
iP042_OS,311,k4,k4,,c1,k5,,1
iP042_OS,318,k4,k4,,c1,k5,,1
iP042_OS,325,k4,k4,c1,c1,k5,k5,1
iP042_OS,330,,k4,,c1,k5,k5,1
iP042_OS,338,,,,,,,1
iP042_OS,341,k4,,,,k5,,0
iP042_OS,352,,,,,k5,,0
iP042_OS,358,,,,,k5,,0
iP042_OS,361,,,,,,,0
iP042_OS,373,,,,,k5,,0
iP042_OS,382,k4,k4,,,k5,,0
iP042_OS,385,k4,,,,k5,,1
iP042_OS,391,k4,k4,,,k5,,0
iP042_OS,399,k4,k4,,,k5,,1
iP042_OS,407,k4,k4,,,k5,k5,1
iP042_OS,418,,,,,k5,k5,1
iP042_OS,427,k4,k4,,,k5,k5,1
iP042_OS,436,k4,k4,,,k5,k5,1
iP042_OS,441,k4,k4,,,k5,k5,1
iP042_OS,444,k4,k4,,,k5,k5,1
iP042_OS,451,k4,k4,,,k5,k5,1
iP042_OS,455,k4,k4,,,k5,k5,1
iP042_OS,464,k4,k4,,,k5,k5,1
iP042_OS,476,k4,k4,,,k5,,1
iP042_OS,482,k4,k4,,,k5,k5,1
iP042_OS,485,k4,k4,,,k5,k5,1
iP042_OS,498,k4,k4,,c1,k5,,1
iP042_OS,501,k4,k4,,c1,k5,,1
iP042_OS,504,k4,k4,,c1,k5,,1
iP042_OS,517,k4,k4,c1,c1,,k5,1
iP042_OS,523,k4,,,,k5,,1
iP042_OS,526,,,c1,,,,0
iP042_OS,539,,,,,,,0
iP042_OS,548,,,,,k5,,0
iP042_OS,553,,,,,k5,,0
iP042_OS,562,k4,,,,k5,,0
iP042_OS,565,k4,,,,k5,,0
iP042_OS,578,,,,,k5,,0
iP042_OS,586,k4,k4,,,k5,,0
iP042_OS,592,k4,k4,,,k5,k5,1
iP042_OS,596,,k4,,,k5,k5,1
iP042_OS,605,k4,k4,,,k5,k5,1
iP042_OS,614,,,,,k5,k5,1
iP042_OS,622,,k4,,,k5,,1
iP042_OS,635,k4,k4,,,k5,,1
iP042_OS,638,,k4,,,k5,,1
iP042_OS,641,k4,k4,,,k5,,1
iP042_OS,654,,k4,,,k5,,1
iP042_OS,665,k4,k4,,,k5,k5,1
iP042_OS,676,k4,k4,,,k5,,1
iP042_OS,686,k4,,,,k5,,1
iP042_OS,695,k4,k4,,,k5,,0
iP042_OS,707,,k4,,,k5,k5,1
iP042_OS,716,k4,k4,c1,c1,k5,k5,1
iP042_OS,723,k4,k4,c1,c1,k5,,1
iP046_OD,1010,k4,k4,c1,c1,k5,k5,1
iP046_OD,1013,k4,k4,c1,c1,k5,k5,1
iP046_OD,1018,k4,k4,c1,c1,k5,k5,1
iP046_OD,1023,k4,k4,c1,c1,k5,k5,1
iP046_OD,1033,k4,k4,c1,c1,k5,k5,1
iP046_OD,1039,k4,k4,c1,c1,k5,k5,1
iP046_OD,1044,k4,k4,c1,c1,k5,k5,1
iP046_OD,1055,k4,k4,c1,c1,k5,k5,1
iP046_OD,1063,k4,k4,c1,c1,k5,k5,1
iP046_OD,1072,k4,k4,c1,c1,k5,k5,1
iP046_OD,1084,k4,k4,c1,c1,k5,k5,1
iP046_OD,1087,k4,k4,c1,c1,k5,k5,1
iP046_OD,1096,k4,k4,c1,c1,k5,k5,1
iP046_OD,1101,k4,k4,c1,c1,k5,k5,1
iP046_OD,1113,k4,k4,c1,c1,k5,k5,1
iP046_OD,1122,k4,k4,c1,c1,k5,k5,1
iP046_OD,1131,k4,k4,c1,c1,k5,k5,1
iP046_OD,1139,k4,k4,c1,c1,k5,k5,1
iP046_OD,1145,k4,k4,c1,c1,k5,k5,1
iP046_OD,1155,k4,k4,c1,c1,k5,k5,1
iP046_OD,1159,k4,k4,c1,c1,k5,k5,1
iP046_OD,1169,k4,k4,c1,,k5,,1
iP046_OD,1181,k4,k4,c1,c1,k5,k5,1
iP046_OD,1189,k4,k4,c1,c1,k5,k5,1
iP046_OD,1199,,k4,,c1,k5,k5,1
iP046_OD,1207,k4,k4,c1,c1,k5,k5,1
iP046_OD,1216,k4,k4,c1,c1,k5,,1
iP046_OD,1221,k4,k4,c1,c1,k5,k5,1
iP046_OD,1233,k4,k4,c1,c1,k5,k5,1
iP046_OD,1240,k4,k4,,c1,k5,,1
iP046_OD,1248,k4,k4,,c1,k5,k5,1
iP046_OD,1259,k4,k4,c1,c1,k5,k5,1
iP046_OD,1265,,k4,c1,c1,k5,k5,1
iP046_OD,1272,k4,k4,c1,c1,k5,k5,1
iP046_OD,1284,,k4,,c1,k5,k5,1
iP046_OD,1297,,k4,c1,c1,,k5,1
iP046_OD,1301,k4,k4,c1,,k5,k5,1
iP046_OD,1305,k4,k4,c1,,k5,k5,1
iP046_OD,1310,k4,k4,c1,,k5,k5,1
iP046_OD,1314,,k4,,,,k5,1
iP046_OD,1322,,k4,c1,,,k5,0
iP046_OD,1329,,k4,c1,,,k5,1
iP046_OD,1338,k4,k4,,,,k5,1
iP046_OD,1350,k4,k4,,,,k5,1
iP046_OD,1359,k4,k4,c1,,k5,k5,1
iP046_OD,1368,k4,k4,,,k5,k5,1
iP046_OD,1378,k4,k4,,,k5,k5,1
iP046_OD,1383,k4,k4,c1,,k5,k5,1
iP046_OD,1387,k4,k4,c1,,k5,k5,1
iP046_OD,1398,k4,k4,,,k5,k5,1
iP046_OD,1410,k4,k4,c1,,k5,k5,1
iP046_OD,1413,k4,k4,c1,,k5,k5,1
iP046_OD,1416,k4,k4,c1,,k5,k5,1
iP046_OD,1422,k4,k4,c1,,k5,k5,1
iP046_OD,1432,k4,k4,c1,,k5,k5,1
iP046_OD,1435,k4,k4,,,k5,k5,1
iP046_OD,1443,k4,k4,,,k5,k5,1
iP046_OD,1456,k4,k4,c1,c1,k5,k5,1
iP046_OD,1465,k4,k4,c1,c1,k5,k5,1
iP046_OD,1471,k4,k4,c1,,k5,k5,1
iP046_OD,1478,k4,k4,c1,c1,k5,k5,1
iP046_OD,1482,k4,k4,c1,,k5,k5,1
iP046_OD,1493,,k4,,c1,,k5,1
iP046_OD,1498,k4,,,,k5,,0
iP046_OD,1504,k4,k4,c1,,k5,k5,0
iP046_OD,1508,k4,,c1,,k5,k5,1
iP046_OD,1514,,k4,c1,,,k5,1
iP046_OD,1519,,k4,c1,,,k5,1
iP046_OD,1529,k4,k4,c1,,k5,k5,1
iP046_OD,1532,k4,,c1,,k5,k5,1
iP046_OD,1537,k4,k4,,,k5,k5,1
iP046_OD,1544,k4,k4,,,k5,k5,1
iP046_OD,1557,k4,,c1,,k5,k5,1
iP046_OD,1565,k4,,c1,,k5,k5,1
iP046_OD,1577,,,c1,,k5,k5,1
iP046_OD,1583,k4,k4,c1,,k5,k5,1
iP046_OD,1588,k4,,c1,,k5,k5,1
iP046_OD,1596,k4,,c1,,k5,k5,1
iP046_OD,1601,k4,k4,c1,,k5,k5,1
iP046_OD,1614,k4,,c1,,k5,k5,1
iP046_OD,1618,k4,,c1,,k5,k5,1
iP046_OD,1623,k4,,c1,,k5,k5,1
iP046_OD,1634,k4,k4,c1,c1,k5,k5,1
iP046_OD,1640,k4,k4,c1,c1,k5,k5,1
iP046_OD,1643,k4,k4,c1,c1,k5,k5,1
iP046_OD,1649,k4,k4,c1,c1,k5,k5,1
iP046_OD,1661,k4,k4,c1,c1,k5,k5,1
iP046_OD,1674,k4,,c1,c1,k5,k5,1
iP046_OD,1681,k4,k4,c1,c1,k5,k5,1
iP046_OD,1691,k4,k4,c1,c1,k5,k5,1
iP046_OD,1700,,k4,c1,,,k5,1
iP046_OD,1711,,k4,c1,,,k5,1
iP046_OD,1716,,k4,c1,,,k5,1
iP046_OD,1726,,k4,c1,,,k5,1
iP046_OD,1734,,k4,c1,,,k5,1
iP046_OD,1746,,,c1,,,,1
iP046_OD,1755,k4,,c1,,k5,,0
iP046_OD,1766,k4,,c1,,k5,k5,0
iP046_OD,1769,k4,,c1,,k5,k5,1
iP046_OD,1775,k4,,c1,,k5,k5,1
iP046_OD,1782,k4,,c1,,k5,k5,1
iP046_OD,1788,k4,,c1,,k5,k5,1
iP046_OD,1800,k4,,c1,,k5,k5,1
iP046_OD,1807,k4,,c1,,k5,k5,1
iP046_OD,1819,k4,k4,c1,,,k5,1
iP046_OD,1824,k4,,c1,,k5,k5,1
iP046_OD,1829,k4,,c1,,k5,k5,1
iP046_OD,1836,k4,,c1,,k5,k5,1
iP046_OD,1849,k4,k4,c1,,k5,k5,1
iP046_OD,1857,,,c1,,,k5,1
iP046_OD,1870,k4,,c1,,,k5,1
iP046_OD,1876,,k4,c1,,k5,k5,1
iP046_OD,458,k4,k4,c1,c1,k5,k5,1
iP046_OD,461,,k4,,c1,k5,k5,1
iP046_OD,468,k4,k4,c1,c1,k5,k5,1
iP046_OD,473,k4,k4,c1,c1,k5,k5,1
iP046_OD,483,,k4,,,,k5,1
iP046_OD,489,,k4,,,,k5,0
iP046_OD,502,,k4,,,,k5,0
iP046_OD,507,,k4,,,,k5,0
iP046_OD,511,,k4,,,,k5,0
iP046_OD,514,,k4,c1,,,k5,0
iP046_OD,517,,k4,c1,,,k5,1
iP046_OD,520,k4,k4,,c1,k5,k5,1
iP046_OD,527,,k4,,,,k5,1
iP046_OD,540,,k4,,c1,,k5,0
iP046_OD,552,k4,,,,,k5,0
iP046_OD,559,,k4,,,,k5,1
iP046_OD,564,,k4,,,,k5,0
iP046_OD,567,,k4,,,,k5,0
iP046_OD,570,,k4,,,,k5,0
iP046_OD,580,,k4,,,,k5,0
iP046_OD,584,,k4,,,,k5,0
iP046_OD,590,,k4,,c1,,k5,0
iP046_OD,603,,k4,,c1,,k5,0
iP046_OD,607,,k4,,,,k5,0
iP046_OD,611,,k4,,c1,,k5,0
iP046_OD,617,,k4,,c1,,k5,0
iP046_OD,629,,k4,,c1,,k5,0
iP046_OD,640,,k4,,c1,,k5,0
iP046_OD,652,,k4,,c1,,k5,0
iP046_OD,658,,k4,,,,k5,0
iP046_OD,661,,k4,,c1,,k5,0
iP046_OD,669,,k4,,c1,,k5,0
iP046_OD,676,,k4,,c1,,k5,0
iP046_OD,682,k4,k4,c1,c1,,,0
iP046_OD,695,k4,k4,,c1,k5,k5,1
iP046_OD,702,k4,k4,c1,c1,k5,,1
iP046_OD,706,k4,k4,,c1,k5,,1
iP046_OD,710,k4,k4,c1,c1,k5,k5,1
iP046_OD,723,k4,k4,c1,c1,k5,k5,1
iP046_OD,726,k4,k4,,c1,k5,k5,1
iP046_OD,736,k4,k4,c1,c1,k5,k5,1
iP046_OD,745,k4,k4,,c1,k5,k5,1
iP046_OD,750,k4,k4,,c1,k5,k5,1
iP046_OD,762,k4,k4,c1,c1,k5,k5,1
iP046_OD,765,,k4,c1,c1,,,1
iP046_OD,768,,,,,,,1
iP046_OD,772,,,,,k5,k5,0
iP046_OD,778,,,,,k5,k5,1
iP046_OD,782,,,,,k5,k5,1
iP046_OD,790,k4,k4,,,k5,k5,1
iP046_OD,798,k4,k4,,,k5,k5,1
iP046_OD,809,k4,k4,,,k5,k5,1
iP046_OD,813,k4,k4,,,k5,k5,1
iP046_OD,822,k4,k4,,,,k5,1
iP046_OD,833,k4,k4,,,k5,k5,1
iP046_OD,841,k4,k4,,,,k5,1
iP046_OD,849,k4,k4,,,,k5,1
iP046_OD,861,k4,k4,c1,c1,,k5,1
iP046_OD,871,k4,k4,c1,c1,k5,k5,1
iP046_OD,876,k4,k4,c1,c1,k5,k5,1
iP046_OD,885,k4,k4,c1,c1,k5,k5,1
iP046_OD,890,k4,k4,c1,c1,k5,k5,1
iP046_OD,896,k4,k4,c1,c1,k5,k5,1
iP046_OD,904,k4,k4,c1,c1,k5,k5,1
iP046_OD,908,k4,k4,c1,c1,k5,k5,1
iP046_OD,920,k4,k4,c1,c1,k5,k5,1
iP046_OD,924,k4,k4,c1,c1,k5,k5,1
iP046_OD,932,k4,k4,c1,c1,k5,k5,1
iP046_OD,945,k4,k4,c1,c1,k5,k5,1
iP046_OD,951,k4,k4,c1,c1,k5,k5,1
iP046_OD,954,k4,k4,c1,c1,k5,k5,1
iP046_OD,961,k4,k4,c1,c1,k5,k5,1
iP046_OD,968,k4,k4,c1,c1,k5,k5,1
iP046_OD,973,k4,k4,c1,c1,k5,k5,1
iP046_OD,984,k4,k4,c1,c1,k5,k5,1
iP046_OD,995,k4,k4,,c1,k5,k5,1
iP046_OD,998,k4,k4,c1,c1,k5,k5,1
iP046_OS,210,k4,k4,c1,c1,k5,k5,1
iP046_OS,216,k4,,c1,c1,k5,,1
iP046_OS,222,k4,k4,,c1,,k5,1
iP046_OS,226,k4,,c1,c1,,k5,1
iP046_OS,238,,,c1,,k5,k5,1
iP046_OS,242,,,c1,,k5,k5,1
iP046_OS,253,,k4,c1,c1,k5,k5,1
iP046_OS,261,k4,,c1,,k5,k5,1
iP046_OS,267,,k4,,,,k5,1
iP046_OS,275,,,,,,k5,0
iP046_OS,283,k4,k4,,,k5,k5,0
iP046_OS,296,k4,k4,c1,,k5,k5,1
iP046_OS,307,,k4,c1,,k5,k5,1
iP046_OS,319,k4,k4,,,k5,k5,1
iP046_OS,326,,k4,c1,,,k5,1
iP046_OS,332,,,,,k5,k5,1
iP046_OS,335,k4,k4,,c1,k5,k5,1
iP046_OS,348,k4,k4,c1,c1,k5,,1
iP046_OS,359,k4,k4,,c1,,k5,1
iP046_OS,372,,k4,,c1,,k5,1
iP046_OS,380,k4,k4,c1,c1,k5,k5,0
iP046_OS,384,k4,,c1,,k5,k5,1
iP046_OS,390,k4,,c1,,k5,k5,1
iP046_OS,400,k4,k4,c1,,k5,k5,1
iP046_OS,404,k4,k4,c1,,k5,k5,1
iP046_OS,415,k4,k4,c1,,k5,k5,1
iP046_OS,421,k4,k4,c1,,k5,k5,1
iP046_OS,425,k4,k4,c1,,k5,k5,1
iP046_OS,431,k4,,c1,,k5,k5,1
iP046_OS,439,k4,k4,c1,,k5,k5,1
iP046_OS,443,k4,k4,c1,,k5,k5,1
iP046_OS,446,,k4,,,,k5,1
iP046_OS,455,k4,k4,c1,,k5,k5,0
iP046_OS,460,k4,k4,c1,,k5,k5,1
iP046_OS,463,k4,k4,c1,,k5,k5,1
iP046_OS,469,k4,k4,c1,,k5,k5,1
iP046_OS,482,k4,k4,c1,c1,k5,k5,1
iP046_OS,492,k4,k4,c1,c1,k5,k5,1
iP046_OS,499,k4,k4,,c1,k5,k5,1
iP046_OS,510,,k4,c1,c1,,k5,1
iP046_OS,521,,k4,c1,c1,,k5,1
iP046_OS,524,k4,k4,c1,c1,k5,k5,1
iP046_OS,535,k4,k4,c1,c1,k5,k5,1
iP046_OS,547,k4,,c1,,k5,k5,1
iP046_OS,552,k4,k4,c1,,k5,k5,1
iP046_OS,564,k4,k4,c1,,k5,k5,1
iP046_OS,567,k4,k4,c1,,k5,k5,1
iP046_OS,570,k4,k4,c1,,k5,k5,1
iP046_OS,574,,,,,,k5,1
iP046_OS,581,,,c1,,k5,k5,0
iP046_OS,588,,,,,k5,k5,1
iP046_OS,601,,,,,k5,k5,1
iP046_OS,609,,,,,k5,k5,1
iP046_OS,614,,,c1,,k5,k5,1
iP046_OS,617,,,,,,k5,1
iP046_OS,620,,,c1,,,k5,0
iP046_OS,628,,,c1,,,k5,1
iP046_OS,632,,,c1,,,k5,1
iP046_OS,639,,,c1,,,k5,1
iP046_OS,648,,,,,,k5,1
iP046_OS,656,,,c1,,,k5,0
iP046_OS,665,,,,,,k5,1
iP046_OS,676,,,,,,k5,0
iP046_OS,679,,,,,,k5,0
iP046_OS,684,,,c1,,k5,k5,0
iP046_OS,695,,k4,c1,c1,,k5,1
iP046_OS,698,k4,k4,,c1,,k5,1
iP049_OS,230,k4,,c1,,k5,,1
iP049_OS,235,k4,,c1,,k5,k5,0
iP049_OS,242,k4,k4,c1,c1,k5,k5,1
iP049_OS,253,k4,k4,c1,,,k5,1
iP049_OS,256,k4,k4,c1,,k5,k5,1
iP049_OS,259,k4,k4,c1,,k5,k5,1
iP049_OS,271,k4,k4,c1,,k5,k5,1
iP049_OS,281,k4,k4,c1,,k5,k5,1
iP049_OS,285,k4,k4,c1,,k5,k5,1
iP049_OS,288,k4,k4,c1,,k5,k5,1
iP049_OS,296,k4,k4,c1,,k5,k5,1
iP049_OS,304,k4,k4,c1,,k5,k5,1
iP049_OS,316,k4,k4,c1,,,k5,1
iP049_OS,320,k4,k4,c1,,,k5,1
iP049_OS,332,k4,,c1,,,k5,1
iP049_OS,337,k4,k4,c1,,,k5,1
iP049_OS,342,k4,k4,c1,,,k5,1
iP049_OS,346,k4,k4,c1,,k5,k5,1
iP049_OS,358,k4,k4,c1,,k5,k5,1
iP049_OS,361,k4,k4,c1,,k5,k5,1
iP049_OS,373,k4,k4,c1,c1,,k5,1
iP049_OS,384,k4,k4,c1,c1,,k5,1
iP049_OS,389,,k4,c1,c1,,k5,1
iP049_OS,392,k4,k4,,c1,,k5,1
iP049_OS,397,k4,k4,c1,c1,,k5,1
iP049_OS,400,k4,k4,c1,c1,,k5,1
iP049_OS,413,k4,,c1,,k5,k5,1
iP049_OS,425,k4,k4,,,,k5,1
iP049_OS,430,k4,,c1,,,k5,1
iP049_OS,434,k4,k4,c1,,,k5,1
iP049_OS,439,k4,k4,c1,c1,,k5,1
iP049_OS,447,k4,k4,c1,c1,k5,k5,1
iP049_OS,450,k4,k4,c1,c1,k5,k5,1
iP049_OS,458,k4,k4,c1,c1,k5,k5,1
iP049_OS,469,k4,k4,c1,c1,k5,k5,1
iP049_OS,473,k4,k4,c1,,k5,k5,1
iP049_OS,483,k4,k4,c1,,k5,k5,1
iP049_OS,486,k4,k4,c1,,k5,k5,1
iP049_OS,494,k4,k4,c1,,k5,k5,1
iP049_OS,505,k4,k4,c1,,k5,k5,1
iP049_OS,516,k4,k4,c1,,k5,k5,1
iP049_OS,520,k4,k4,c1,c1,k5,k5,1
iP049_OS,524,k4,k4,c1,,k5,k5,1
iP049_OS,534,k4,k4,c1,,k5,k5,1
iP049_OS,542,k4,k4,c1,,k5,k5,1
iP049_OS,547,k4,k4,c1,c1,k5,k5,1
iP049_OS,551,k4,k4,c1,,k5,k5,1
iP049_OS,562,k4,k4,c1,,k5,k5,1
iP049_OS,574,k4,k4,c1,,k5,k5,1
iP049_OS,587,k4,k4,c1,,k5,k5,1
iP049_OS,595,k4,k4,c1,,k5,k5,1
iP049_OS,607,k4,k4,c1,,k5,k5,1
iP049_OS,610,k4,k4,,c1,,k5,1
iP049_OS,621,,k4,,c1,,,1
iP049_OS,627,k4,k4,,c1,,k5,0
iP049_OS,633,,k4,c1,c1,,k5,1
iP049_OS,644,k4,,c1,,k5,k5,1
iP049_OS,657,k4,,c1,,k5,k5,1
iP049_OS,670,k4,,c1,,k5,,1
iP049_OS,675,,,c1,,k5,,0
iP049_OS,688,k4,k4,c1,,k5,k5,0
iP049_OS,697,k4,,c1,,k5,,1
iP049_OS,704,k4,,c1,,k5,k5,0
iP049_OS,713,k4,,c1,,k5,,1
iP049_OS,720,k4,k4,c1,,k5,k5,0
iP049_OS,732,k4,k4,c1,,k5,k5,1
iP049_OS,743,k4,k4,c1,,k5,k5,1
iP049_OS,750,k4,k4,c1,,k5,k5,1
iP049_OS,763,k4,k4,c1,,k5,k5,1
iP049_OS,776,k4,k4,c1,,k5,k5,1
iP049_OS,783,,k4,c1,,k5,k5,1
iP049_OS,795,k4,k4,c1,,k5,k5,1
iP049_OS,804,k4,k4,c1,,k5,k5,1
iP049_OS,812,k4,k4,c1,,k5,k5,1
iP049_OS,822,k4,,c1,,k5,k5,1
iP049_OS,835,k4,k4,,c1,,k5,1
iP049_OS,843,k4,k4,,c1,k5,,1
iP049_OS,849,k4,k4,c1,c1,k5,k5,1
iP051_OD,1008,k4,k4,c1,c1,k5,k5,1
iP051_OD,1021,k4,k4,c1,c1,k5,k5,1
iP051_OD,1034,k4,k4,c1,c1,k5,k5,1
iP051_OD,1041,k4,k4,c1,c1,k5,k5,1
iP051_OD,1045,k4,k4,c1,c1,k5,k5,1
iP051_OD,1052,k4,k4,c1,c1,k5,k5,1
iP051_OD,1062,k4,k4,c1,,k5,,1
iP051_OD,1075,k4,k4,c1,c1,k5,k5,1
iP051_OD,1087,k4,k4,c1,c1,k5,k5,1
iP051_OD,1096,k4,k4,c1,c1,k5,k5,1
iP051_OD,1106,k4,k4,c1,c1,k5,k5,1
iP051_OD,1119,k4,k4,c1,c1,k5,k5,1
iP051_OD,1131,k4,k4,c1,c1,k5,,1
iP051_OD,1141,k4,,c1,,k5,,1
iP051_OD,1151,k4,k4,c1,,k5,,0
iP051_OD,1160,k4,,c1,c1,k5,,1
iP051_OD,1164,k4,,c1,c1,k5,,1
iP051_OD,1177,k4,,c1,c1,k5,,1
iP051_OD,1185,k4,,c1,c1,k5,,1
iP051_OD,1196,k4,k4,c1,c1,k5,,1
iP051_OD,1209,k4,k4,c1,c1,k5,,1
iP051_OD,1218,k4,k4,c1,c1,k5,k5,1
iP051_OD,1222,k4,k4,c1,c1,k5,k5,1
iP051_OD,1225,k4,k4,c1,c1,k5,k5,1
iP051_OD,1232,k4,k4,c1,c1,k5,,1
iP051_OD,1242,k4,k4,c1,c1,k5,k5,1
iP051_OD,1247,k4,k4,c1,c1,,k5,1
iP051_OD,1253,k4,k4,c1,c1,k5,k5,1
iP051_OD,1266,k4,k4,c1,c1,k5,k5,1
iP051_OD,1272,k4,k4,c1,c1,k5,k5,1
iP051_OD,1279,k4,k4,c1,c1,k5,k5,1
iP051_OD,1282,k4,k4,c1,c1,k5,,1
iP051_OD,1291,k4,k4,c1,,k5,k5,1
iP051_OD,1296,k4,k4,c1,,k5,,1
iP051_OD,1304,k4,k4,c1,c1,k5,,1
iP051_OD,1308,k4,k4,c1,c1,k5,,1
iP051_OD,1313,k4,,c1,c1,k5,,1
iP051_OD,1321,k4,,c1,c1,k5,,1
iP051_OD,1333,k4,k4,c1,c1,k5,,1
iP051_OD,1345,k4,k4,c1,c1,k5,,1
iP051_OD,1352,k4,,c1,c1,k5,,1
iP051_OD,1364,k4,k4,c1,c1,k5,k5,1
iP051_OD,1374,k4,k4,c1,c1,k5,k5,1
iP051_OD,1380,k4,k4,c1,c1,k5,,1
iP051_OD,1393,k4,,c1,,k5,k5,1
iP051_OD,1402,k4,,c1,c1,k5,,1
iP051_OD,1409,,,c1,c1,k5,,1
iP051_OD,1417,,,c1,c1,k5,,1
iP051_OD,362,,,c1,c1,k5,k5,1
iP051_OD,368,,,c1,c1,k5,,1
iP051_OD,381,,,c1,c1,k5,k5,1
iP051_OD,385,,,c1,,k5,,1
iP051_OD,392,,,c1,,k5,,0
iP051_OD,403,,,c1,,k5,,0
iP051_OD,407,,,c1,c1,k5,k5,0
iP051_OD,416,,,c1,c1,k5,,1
iP051_OD,420,,,c1,c1,k5,,1
iP051_OD,423,,,c1,,k5,,1
iP051_OD,434,,,c1,c1,k5,,0
iP051_OD,445,,,c1,c1,k5,,1
iP051_OD,456,,,c1,c1,k5,,1
iP051_OD,467,,,c1,c1,k5,,1
iP051_OD,477,,,,c1,k5,,1
iP051_OD,484,,,c1,c1,,,1
iP051_OD,495,,,c1,,k5,,1
iP051_OD,501,,,c1,c1,k5,,0
iP051_OD,504,,,c1,c1,k5,k5,1
iP051_OD,513,,,c1,c1,k5,,1
iP051_OD,524,,,c1,c1,k5,k5,1
iP051_OD,529,,,c1,c1,k5,,1
iP051_OD,533,,,c1,c1,k5,,1
iP051_OD,542,,,c1,c1,k5,,1
iP051_OD,549,,,c1,c1,k5,k5,1
iP051_OD,557,,,c1,c1,k5,k5,1
iP051_OD,567,,,c1,,k5,k5,1
iP051_OD,577,,,c1,c1,k5,,1
iP051_OD,587,,,c1,c1,k5,,1
iP051_OD,597,,,c1,c1,k5,,1
iP051_OD,609,,,,c1,k5,,1
iP051_OD,621,,,,c1,k5,k5,1
iP051_OD,627,,,c1,c1,k5,,1
iP051_OD,637,,,,c1,,,1
iP051_OD,643,,,,c1,,,0
iP051_OD,656,,,c1,c1,k5,,0
iP051_OD,667,,,c1,c1,k5,,1
iP051_OD,672,,,c1,c1,k5,,1
iP051_OD,679,,,c1,c1,k5,,1
iP051_OD,688,,,c1,c1,k5,k5,1
iP051_OD,700,,,c1,c1,k5,,1
iP051_OD,706,,,,c1,k5,,1
iP051_OD,717,,,c1,c1,k5,,1
iP051_OD,728,,,c1,c1,k5,,1
iP051_OD,733,,,c1,c1,k5,,1
iP051_OD,746,,,c1,c1,k5,,1
iP051_OD,759,,,c1,,k5,k5,1
iP051_OD,772,,,c1,c1,k5,,1
iP051_OD,778,,,c1,c1,k5,,1
iP051_OD,787,,,c1,c1,,,1
iP051_OD,798,,,,c1,k5,,1
iP051_OD,810,,,c1,c1,k5,,1
iP051_OD,820,,,c1,c1,k5,k5,1
iP051_OD,824,,,c1,c1,k5,k5,1
iP051_OD,831,,,c1,c1,k5,k5,1
iP051_OD,834,,,c1,c1,k5,k5,1
iP051_OD,842,,,c1,c1,k5,,1
iP051_OD,852,,,,c1,,,1
iP051_OD,856,,,,c1,,,0
iP051_OD,868,,,c1,c1,,,0
iP051_OD,871,,,c1,c1,,,1
iP051_OD,875,,,c1,c1,k5,k5,1
iP051_OD,881,,,c1,c1,,k5,1
iP051_OD,885,,,c1,c1,k5,k5,1
iP051_OD,894,,,c1,c1,k5,k5,1
iP051_OD,905,,,c1,c1,k5,k5,1
iP051_OD,914,,,c1,c1,k5,k5,1
iP051_OD,924,,,c1,c1,k5,k5,1
iP051_OD,930,,,c1,c1,k5,k5,1
iP051_OD,936,,,c1,c1,k5,k5,1
iP051_OD,946,,,c1,c1,k5,k5,1
iP051_OD,959,,,c1,c1,k5,k5,1
iP051_OD,971,,,c1,c1,k5,k5,1
iP051_OD,974,,,c1,c1,k5,k5,1
iP051_OD,986,,,c1,c1,k5,k5,1
iP051_OD,989,,,c1,c1,k5,k5,1
iP051_OD,996,,,c1,c1,k5,k5,1